kind,section,rva,va,size,base,name
PUB,.text,0x00001000,0x00401000,112,U_Assert_MemFailure,?U_Assert_MemFailure@@YAXPAD0I@Z
PUB,.text,0x00001070,0x00401070,112,U_Assert_ToolFailure,?U_Assert_ToolFailure@@YAXPAD0I@Z
PUB,.text,0x000010e0,0x004010e0,112,U_Assert_FileFailure,?U_Assert_FileFailure@@YAXPAD0I@Z
PUB,.text,0x00001150,0x00401150,112,U_Assert_DataFailure,?U_Assert_DataFailure@@YAXPAD0I@Z
PUB,.text,0x000011c0,0x004011c0,48,U_Error_Mem,?U_Error_Mem@@YAXXZ
PUB,.text,0x000011f0,0x004011f0,48,U_Error,?U_Error@@YAXPBD_N@Z
PUB,.text,0x00001220,0x00401220,32,U_File::U_File,??0U_File@@QAE@XZ
PUB,.text,0x00001240,0x00401240,80,U_File::U_File,??0U_File@@QAE@PBDH@Z
PUB,.text,0x00001290,0x00401290,32,U_File::~U_File,??1U_File@@QAE@XZ
PUB,.text,0x000012b0,0x004012b0,480,U_File::Open,?Open@U_File@@QAEHPBDHJJ@Z
PUB,.text,0x00001490,0x00401490,48,U_File::Close,?Close@U_File@@QAEXXZ
PUB,.text,0x000014c0,0x004014c0,64,U_File::Read,?Read@U_File@@QAEHPAXI@Z
PUB,.text,0x00001500,0x00401500,64,U_File::Write,?Write@U_File@@QAEHPBXI@Z
PUB,.text,0x00001540,0x00401540,64,U_File::Seek,?Seek@U_File@@QAEHHH@Z
PUB,.text,0x00001580,0x00401580,160,U_File::GetSize,?GetSize@U_File@@QAEHXZ
PUB,.text,0x00001620,0x00401620,16,U_File::IsOK,?IsOK@U_File@@QBE_NXZ
PUB,.text,0x00001630,0x00401630,480,U_File::Defaults,?Defaults@U_File@@IAEXXZ
PUB,.text,0x00001810,0x00401810,32,U_Image::U_Image,??0U_Image@@QAE@XZ
PUB,.text,0x00001830,0x00401830,64,U_Image::U_Image,??0U_Image@@QAE@JW4U_Image_Type@@@Z
PUB,.text,0x00001870,0x00401870,32,U_Image::~U_Image,??1U_Image@@QAE@XZ
PUB,.text,0x00001890,0x00401890,80,U_Image::Load,?Load@U_Image@@QAEXJW4U_Image_Type@@@Z
PUB,.text,0x000018e0,0x004018e0,32,U_LinkedList::U_LinkedList,??0U_LinkedList@@QAE@XZ
PUB,.text,0x00001900,0x00401900,32,U_LinkedList::~U_LinkedList,??1U_LinkedList@@QAE@XZ
PUB,.text,0x00001920,0x00401920,160,U_LinkedList::CreateAndAddLinkAtStart,?CreateAndAddLinkAtStart@U_LinkedList@@QAEXPAX@Z
PUB,.text,0x000019c0,0x004019c0,144,U_LinkedList::CreateAndAddLink,?CreateAndAddLink@U_LinkedList@@QAEXPAX@Z
PUB,.text,0x00001a50,0x00401a50,80,U_LinkedList::FindAndDeleteLink,?FindAndDeleteLink@U_LinkedList@@QAE?AW4U_LinkedList_Err@@PAX@Z
PUB,.text,0x00001aa0,0x00401aa0,80,U_LinkedList::DeleteAllLinks,?DeleteAllLinks@U_LinkedList@@QAEXXZ
PUB,.text,0x00001af0,0x00401af0,112,U_LinkedList::DeleteLink,?DeleteLink@U_LinkedList@@QAE?AW4U_LinkedList_Err@@PAUU_LinkedList_Link@@@Z
PUB,.text,0x00001b60,0x00401b60,144,U_LinkedList::DeleteLink,?DeleteLink@U_LinkedList@@QAE?AW4U_LinkedList_Err@@PAUU_LinkedList_Link@@PAUU_LinkRef@@@Z
PUB,.text,0x00001bf0,0x00401bf0,16,U_LinkedList::GetNumLinks,?GetNumLinks@U_LinkedList@@QBEHXZ
PUB,.text,0x00001c00,0x00401c00,48,U_LinkedList::GetNthLinkObject,?GetNthLinkObject@U_LinkedList@@QAEPAXH@Z
PUB,.text,0x00001c30,0x00401c30,128,U_LinkedList::DeleteFirstLink,?DeleteFirstLink@U_LinkedList@@QAEPAXXZ
PUB,.text,0x00001cb0,0x00401cb0,32,U_LinkedList::GetNextLinkObject,?GetNextLinkObject@U_LinkedList@@QAEXPAUU_LinkRef@@@Z
PUB,.text,0x00001cd0,0x00401cd0,48,U_LinkedList::FindLink,?FindLink@U_LinkedList@@IAEPAUU_LinkedList_Link@@PBX@Z
PUB,.text,0x00001d00,0x00401d00,144,U_Manager_Init,?U_Manager_Init@@YAXXZ
PUB,.text,0x00001d90,0x00401d90,80,U_Manager_ShutDown,?U_Manager_ShutDown@@YAXXZ
PUB,.text,0x00001de0,0x00401de0,112,U_Manager_Register,?U_Manager_Register@@YAXPBD_N@Z
PUB,.text,0x00001e50,0x00401e50,800,U_Manager_Deregister,?U_Manager_Deregister@@YAXPBD_N@Z
PUB,.text,0x00002170,0x00402170,304,U_Math_Init,?U_Math_Init@@YAXXZ
PUB,.text,0x000022a0,0x004022a0,64,U_Math_ShutDown,?U_Math_ShutDown@@YAXXZ
PUB,.text,0x000022e0,0x004022e0,64,U_Math_GetInterceptAngle,?U_Math_GetInterceptAngle@@YAHHHHH@Z
PUB,.text,0x00002320,0x00402320,64,U_Math_GetVectorFromAngle,?U_Math_GetVectorFromAngle@@YAXHPAUU_Utils_Vector@@@Z
PUB,.text,0x00002360,0x00402360,64,U_Math_GetVectorFromAngleAndSpeed,?U_Math_GetVectorFromAngleAndSpeed@@YAXHMPAUU_Utils_Vector@@@Z
PUB,.text,0x000023a0,0x004023a0,128,U_Math_GetUnitVector,?U_Math_GetUnitVector@@YAXMMPAUU_Utils_Vector@@@Z
PUB,.text,0x00002420,0x00402420,48,U_Math_GetSpeedFromVector,?U_Math_GetSpeedFromVector@@YAMPAUU_Utils_Vector@@@Z
PUB,.text,0x00002450,0x00402450,656,U_Math_GetAngleFromVector,?U_Math_GetAngleFromVector@@YAHPAUU_Utils_Vector@@@Z
PUB,.text,0x000026e0,0x004026e0,112,U_Math_GetDistanceToTarget,?U_Math_GetDistanceToTarget@@YAMPAUU_Utils_Vector@@0@Z
PUB,.text,0x00002750,0x00402750,32,U_Math_Cos,?U_Math_Cos@@YAMH@Z
PUB,.text,0x00002770,0x00402770,32,U_Math_Sin,?U_Math_Sin@@YAMH@Z
PUB,.text,0x00002790,0x00402790,64,U_Math_Sqrt,?U_Math_Sqrt@@YAMH@Z
PUB,.text,0x000027d0,0x004027d0,192,U_Math_DoCircleCollisionDetection,?U_Math_DoCircleCollisionDetection@@YA_NPAUU_Utils_Vector@@M0M@Z
PUB,.text,0x00002890,0x00402890,592,U_Math_InvertAngle,?U_Math_InvertAngle@@YAXPAH@Z
PUB,.text,0x00002ae0,0x00402ae0,224,U_Pak_Init,?U_Pak_Init@@YAXXZ
PUB,.text,0x00002bc0,0x00402bc0,64,U_Pak_ShutDown,?U_Pak_ShutDown@@YAXXZ
PUB,.text,0x00002c00,0x00402c00,2704,U_Pak_BuildTagIndex,?U_Pak_BuildTagIndex@@YAX_N0@Z
PUB,.text,0x00003690,0x00403690,160,U_Pak_Tag_IsInIndex,?U_Pak_Tag_IsInIndex@@YA_NW4U_Pak_TagType@@J@Z
PUB,.text,0x00003730,0x00403730,112,U_Pak_Tag_GetLastLoadedFileName,?U_Pak_Tag_GetLastLoadedFileName@@YAXPAD_N@Z
PUB,.text,0x000037a0,0x004037a0,272,U_Pak_Tag_GetInfo,?U_Pak_Tag_GetInfo@@YA_NW4U_Pak_TagType@@JPADPAH2@Z
PUB,.text,0x000038b0,0x004038b0,384,U_Pak_Tag_GetInfoFromFileName,?U_Pak_Tag_GetInfoFromFileName@@YA_NPBDPAUU_Pak_Tag@@@Z
PUB,.text,0x00003a30,0x00403a30,208,U_Pak_Tag_GetNextID,?U_Pak_Tag_GetNextID@@YA_NHW4U_Pak_TagType@@PAJPAD@Z
PUB,.text,0x00003b00,0x00403b00,160,U_Pak_Tag_GetFileName,?U_Pak_Tag_GetFileName@@YAPADW4U_Pak_TagType@@J@Z
PUB,.text,0x00003ba0,0x00403ba0,144,U_Pak_Tag_GetResourceName,?U_Pak_Tag_GetResourceName@@YAQADW4U_Pak_TagType@@J@Z
PUB,.text,0x00003c30,0x00403c30,112,U_Pak_SaveDataToFile,?U_Pak_SaveDataToFile@@YAXW4U_Pak_TagType@@JPAEPBD_N3@Z
PUB,.text,0x00003ca0,0x00403ca0,592,U_Pak_SaveDataToFile,?U_Pak_SaveDataToFile@@YAXW4U_Pak_TagType@@PBXHPBD_N3@Z
PUB,.text,0x00003ef0,0x00403ef0,496,U_Pak_GetPtrToTagData,?U_Pak_GetPtrToTagData@@YAPAEW4U_Pak_TagType@@J@Z
PUB,.text,0x000040e0,0x004040e0,480,U_Pak_GetHandleToTagData,?U_Pak_GetHandleToTagData@@YAPAPAEW4U_Pak_TagType@@J@Z
PUB,.text,0x000042c0,0x004042c0,464,U_Pak_GetPtrToNextTagData,?U_Pak_GetPtrToNextTagData@@YAPAEHW4U_Pak_TagType@@PAJ@Z
PUB,.text,0x00004490,0x00404490,160,U_Pak_GetAndCheckPtrToTagData,?U_Pak_GetAndCheckPtrToTagData@@YAPAEW4U_Pak_TagType@@J@Z
PUB,.text,0x00004530,0x00404530,432,U_Pak_GetString,?U_Pak_GetString@@YA_NJIPADH@Z
PUB,.text,0x000046e0,0x004046e0,816,U_Pak_GetRect,?U_Pak_GetRect@@YAXJIPAUU_Rect@@@Z
PUB,.text,0x00004a10,0x00404a10,544,U_Pak_GetColor,?U_Pak_GetColor@@YAGJI@Z
PUB,.text,0x00004c30,0x00404c30,560,U_Pak_GetObjectID,?U_Pak_GetObjectID@@YAJJI@Z
PUB,.text,0x00004e60,0x00404e60,144,U_Pak_GetTerminatedString,?U_Pak_GetTerminatedString@@YAPAEPAE@Z
PUB,.text,0x00004ef0,0x00404ef0,3536,U_Pak_Assert,?U_Pak_Assert@@YAXPBD0JH@Z
PUB,.text,0x00005cc0,0x00405cc0,656,U_PixelScale16_Normal_Alpha,?U_PixelScale16_Normal_Alpha@@YAXJJJJJHHHHHH@Z
PUB,.text,0x00005f50,0x00405f50,784,U_PixelScale16_Translucent_Alpha,?U_PixelScale16_Translucent_Alpha@@YAXJJJJJHHHHHHK@Z
PUB,.text,0x00006260,0x00406260,784,U_PixelScale16_Shadow_Alpha,?U_PixelScale16_Shadow_Alpha@@YAXJJJJJHHHHHHK@Z
PUB,.text,0x00006570,0x00406570,736,U_PixelScale16_Colorised_Alpha,?U_PixelScale16_Colorised_Alpha@@YAXJJJJJHHHHHHKG@Z
PUB,.text,0x00006850,0x00406850,448,U_PixelScale16_Normal,?U_PixelScale16_Normal@@YAXJJJJHHHHHHG@Z
PUB,.text,0x00006a10,0x00406a10,576,U_PixelScale16_Translucent,?U_PixelScale16_Translucent@@YAXJJJJHHHHHHKG@Z
PUB,.text,0x00006c50,0x00406c50,480,U_PixelScale16_Shadow,?U_PixelScale16_Shadow@@YAXJJJJHHHHHHKG@Z
PUB,.text,0x00006e30,0x00406e30,592,U_PixelScale16_Colorised,?U_PixelScale16_Colorised@@YAXJJJJHHHHHHKGG@Z
PUB,.text,0x00007080,0x00407080,416,U_PixelScale16_Clipped_Normal_Alpha,?U_PixelScale16_Clipped_Normal_Alpha@@YAXJJJJJHHHHHHHHHH@Z
PUB,.text,0x00007220,0x00407220,512,U_PixelScale16_Clipped_Translucent_Alpha,?U_PixelScale16_Clipped_Translucent_Alpha@@YAXJJJJJHHHHHHHHHHK@Z
PUB,.text,0x00007420,0x00407420,528,U_PixelScale16_Clipped_Shadow_Alpha,?U_PixelScale16_Clipped_Shadow_Alpha@@YAXJJJJJHHHHHHHHHHK@Z
PUB,.text,0x00007630,0x00407630,496,U_PixelScale16_Clipped_Colorised_Alpha,?U_PixelScale16_Clipped_Colorised_Alpha@@YAXJJJJJHHHHHHHHHHKG@Z
PUB,.text,0x00007820,0x00407820,240,U_PixelScale16_Clipped_Normal,?U_PixelScale16_Clipped_Normal@@YAXJJJJHHHHHHHHHHG@Z
PUB,.text,0x00007910,0x00407910,224,U_PixelScale16_Clipped_Normal,?U_PixelScale16_Clipped_Normal@@YAXJJJJHHHHHHHHHH@Z
PUB,.text,0x000079f0,0x004079f0,368,U_PixelScale16_Clipped_Translucent,?U_PixelScale16_Clipped_Translucent@@YAXJJJJHHHHHHHHHHKG@Z
PUB,.text,0x00007b60,0x00407b60,288,U_PixelScale16_Clipped_Shadow,?U_PixelScale16_Clipped_Shadow@@YAXJJJJHHHHHHHHHHKG@Z
PUB,.text,0x00007c80,0x00407c80,480,U_PixelScale16_Clipped_Colorised,?U_PixelScale16_Clipped_Colorised@@YAXJJJJHHHHHHHHHHKGG@Z
PUB,.text,0x00007e60,0x00407e60,144,U_Prefs_Init,?U_Prefs_Init@@YAXXZ
PUB,.text,0x00007ef0,0x00407ef0,64,U_Prefs_ShutDown,?U_Prefs_ShutDown@@YAXXZ
PUB,.text,0x00007f30,0x00407f30,416,U_Prefs_Save,?U_Prefs_Save@@YAXXZ
PUB,.text,0x000080d0,0x004080d0,48,U_Prefs_Dialog,?U_Prefs_Dialog@@YAX_N@Z
PUB,.text,0x00008100,0x00408100,1200,U_Prefs_Set,?U_Prefs_Set@@YAXPAUU_Prefs@@@Z
PUB,.text,0x000085b0,0x004085b0,16,U_Prefs_SetBoolean,?U_Prefs_SetBoolean@@YAXH_N@Z
PUB,.text,0x000085c0,0x004085c0,16,U_Prefs_SetInt,?U_Prefs_SetInt@@YAXHH@Z
PUB,.text,0x000085d0,0x004085d0,352,U_Prefs_SetHighScoresToDefaults,?U_Prefs_SetHighScoresToDefaults@@YAXXZ
PUB,.text,0x00008730,0x00408730,1200,U_Prefs_GetCopy,?U_Prefs_GetCopy@@YAXPAUU_Prefs@@@Z
PUB,.text,0x00008be0,0x00408be0,16,U_Prefs_GetBoolean,?U_Prefs_GetBoolean@@YA_NH@Z
PUB,.text,0x00008bf0,0x00408bf0,16,U_Prefs_GetInt,?U_Prefs_GetInt@@YAHH@Z
PUB,.text,0x00008c00,0x00408c00,112,U_Prefs_GetPlayerKeyCodes,?U_Prefs_GetPlayerKeyCodes@@YAXW4G_Game_PlayerNum@@PAUU_Prefs_PlayerControlCodes@@@Z
PUB,.text,0x00008c70,0x00408c70,192,U_Prefs_GetPlayerJoyCodes,?U_Prefs_GetPlayerJoyCodes@@YAXW4G_Game_PlayerNum@@PAUU_Prefs_PlayerControlCodesJoypad@@@Z
PUB,.text,0x00008d30,0x00408d30,1264,U_Prefs_InitAppSpecificPrefs,?U_Prefs_InitAppSpecificPrefs@@YAX_N@Z
PUB,.text,0x00009220,0x00409220,448,U_Sprite_Init,?U_Sprite_Init@@YAXW4U_Display_BufferID@@0@Z
PUB,.text,0x000093e0,0x004093e0,224,U_Sprite_ShutDown,?U_Sprite_ShutDown@@YAXXZ
PUB,.text,0x000094c0,0x004094c0,32,U_Sprite_RenderLists_Clear,?U_Sprite_RenderLists_Clear@@YAXXZ
PUB,.text,0x000094e0,0x004094e0,208,U_Sprite_RenderLists_Add,?U_Sprite_RenderLists_Add@@YAXPAUU_Sprite_Settings@@@Z
PUB,.text,0x000095b0,0x004095b0,240,U_Sprite_RenderLists_Draw,?U_Sprite_RenderLists_Draw@@YAXW4U_Sprite_RenderGroup@@@Z
PUB,.text,0x000096a0,0x004096a0,2160,U_Sprite_Load,?U_Sprite_Load@@YA_NJ@Z
PUB,.text,0x00009f10,0x00409f10,304,U_Sprite_Unload,?U_Sprite_Unload@@YAXJ_N@Z
PUB,.text,0x0000a040,0x0040a040,48,U_Sprite_IsLoaded,?U_Sprite_IsLoaded@@YA_NJ@Z
PUB,.text,0x0000a070,0x0040a070,1600,U_Sprite_Draw,?U_Sprite_Draw@@YAXPAUU_Sprite_Settings@@@Z
PUB,.text,0x0000a6b0,0x0040a6b0,288,U_Sprite_GetPtrToSpriteFrame,?U_Sprite_GetPtrToSpriteFrame@@YAPAEJH@Z
PUB,.text,0x0000a7d0,0x0040a7d0,32,U_Sprite_SetBufferInfo,?U_Sprite_SetBufferInfo@@YAXW4U_Display_BufferID@@0@Z
PUB,.text,0x0000a7f0,0x0040a7f0,208,U_Sprite_GetDimensionsForSpriteFrameData,?U_Sprite_GetDimensionsForSpriteFrameData@@YAXPAEPAUU_Utils_IntDimensions@@M@Z
PUB,.text,0x0000a8c0,0x0040a8c0,736,U_Sprite_GetDimensions,?U_Sprite_GetDimensions@@YAXJHPAUU_Utils_IntDimensions@@M@Z
PUB,.text,0x0000aba0,0x0040aba0,192,U_Sprite_GetNumFramesInGroup,?U_Sprite_GetNumFramesInGroup@@YAHJ@Z
PUB,.text,0x0000ac60,0x0040ac60,672,U_Sprite_LogGroupInfo,?U_Sprite_LogGroupInfo@@YAXJ@Z
PUB,.text,0x0000af00,0x0040af00,96,U_Sprite_StripStringOfSpriteIdentifier,?U_Sprite_StripStringOfSpriteIdentifier@@YAXPAD@Z
PUB,.text,0x0000af60,0x0040af60,32,U_Sprite_ConvertScalePercentage,?U_Sprite_ConvertScalePercentage@@YAMH@Z
PUB,.text,0x0000af80,0x0040af80,16,U_Sprite_SetAlphaDrawingOption,?U_Sprite_SetAlphaDrawingOption@@YAX_N@Z
PUB,.text,0x0000af90,0x0040af90,5440,U_Sprite_CheckIntegrity,?U_Sprite_CheckIntegrity@@YA_NXZ
PUB,.text,0x0000c4d0,0x0040c4d0,336,U_SpriteBlit_Init,?U_SpriteBlit_Init@@YAXXZ
PUB,.text,0x0000c620,0x0040c620,160,U_SpriteBlit_ShutDown,?U_SpriteBlit_ShutDown@@YAXXZ
PUB,.text,0x0000c6c0,0x0040c6c0,368,U_SpriteBlit_Encode,?U_SpriteBlit_Encode@@YAPAEHHG@Z
PUB,.text,0x0000c830,0x0040c830,96,U_SpriteBlit_ResizeEncodingBuffers,?U_SpriteBlit_ResizeEncodingBuffers@@YAXHH@Z
PUB,.text,0x0000c890,0x0040c890,416,U_SpriteBlit_DrawNormal,?U_SpriteBlit_DrawNormal@@YAXPAEJJHH@Z
PUB,.text,0x0000ca30,0x0040ca30,624,U_SpriteBlit_DrawTranslucent,?U_SpriteBlit_DrawTranslucent@@YAXPAEJJHHK@Z
PUB,.text,0x0000cca0,0x0040cca0,608,U_SpriteBlit_DrawShadow,?U_SpriteBlit_DrawShadow@@YAXPAEJJHHK@Z
PUB,.text,0x0000cf00,0x0040cf00,608,U_SpriteBlit_DrawColorised,?U_SpriteBlit_DrawColorised@@YAXPAEJJHHKG@Z
PUB,.text,0x0000d160,0x0040d160,576,U_SpriteBlit_DrawNormal_Clipped,?U_SpriteBlit_DrawNormal_Clipped@@YAXPAEJJHHHHHH@Z
PUB,.text,0x0000d3a0,0x0040d3a0,848,U_SpriteBlit_DrawTranslucent_Clipped,?U_SpriteBlit_DrawTranslucent_Clipped@@YAXPAEJJHHKHHHH@Z
PUB,.text,0x0000d6f0,0x0040d6f0,784,U_SpriteBlit_DrawShadow_Clipped,?U_SpriteBlit_DrawShadow_Clipped@@YAXPAEJJHHKHHHH@Z
PUB,.text,0x0000da00,0x0040da00,832,U_SpriteBlit_DrawColorised_Clipped,?U_SpriteBlit_DrawColorised_Clipped@@YAXPAEJJHHKGHHHH@Z
PUB,.text,0x0000dd40,0x0040dd40,416,U_SpriteBlit_DrawColorStrip,?U_SpriteBlit_DrawColorStrip@@YAXPAVU_PixelBuffer@@PAUU_Rect@@GK@Z
PUB,.text,0x0000dee0,0x0040dee0,16,U_SpriteBlit_GetEncodingBuffer,?U_SpriteBlit_GetEncodingBuffer@@YAPAVU_PixelBuffer@@XZ
PUB,.text,0x0000def0,0x0040def0,1040,U_SpriteBlit_GetAlphaBuffer,?U_SpriteBlit_GetAlphaBuffer@@YAPAVU_PixelBuffer@@XZ
PUB,.text,0x0000e300,0x0040e300,1808,U_SpritePlate_GetBitmapRectListFromPlate,?U_SpritePlate_GetBitmapRectListFromPlate@@YAXPAEHHHPAVU_LinkedList@@@Z
PUB,.text,0x0000ea10,0x0040ea10,112,U_Token_SetUpForParsing,?U_Token_SetUpForParsing@@YAXPAD_N@Z
PUB,.text,0x0000ea80,0x0040ea80,16,U_Token_WereErrorsFoundInParsing,?U_Token_WereErrorsFoundInParsing@@YA_NXZ
PUB,.text,0x0000ea90,0x0040ea90,256,U_Token_GetPtrAndLength,?U_Token_GetPtrAndLength@@YAPADPBD0PAH100@Z
PUB,.text,0x0000eb90,0x0040eb90,224,U_Token_Get,?U_Token_Get@@YAPADPADPBD11@Z
PUB,.text,0x0000ec70,0x0040ec70,256,U_Token_Get,?U_Token_Get@@YAPADPADHPBDPAH11@Z
PUB,.text,0x0000ed70,0x0040ed70,192,U_Token_GetID,?U_Token_GetID@@YAXPBDPAH0PAJ@Z
PUB,.text,0x0000ee30,0x0040ee30,256,U_Token_GetInt,?U_Token_GetInt@@YAXPBDPAH01@Z
PUB,.text,0x0000ef30,0x0040ef30,256,U_Token_GetFloat,?U_Token_GetFloat@@YAXPBDPAH0PAM@Z
PUB,.text,0x0000f030,0x0040f030,272,U_Token_GetBoolean,?U_Token_GetBoolean@@YAXPBDPAH0PA_N@Z
PUB,.text,0x0000f140,0x0040f140,160,U_Token_GetString,?U_Token_GetString@@YAXPBDPAH0PADH@Z
PUB,.text,0x0000f1e0,0x0040f1e0,224,U_Token_GetColor,?U_Token_GetColor@@YAXPBDPAH0PAG@Z
PUB,.text,0x0000f2c0,0x0040f2c0,688,U_Token_GetRect,?U_Token_GetRect@@YAXPBDPAH0PAUU_Rect@@@Z
PUB,.text,0x0000f570,0x0040f570,48,U_Utils_EmergencyMem_Release,?U_Utils_EmergencyMem_Release@@YAXXZ
PUB,.text,0x0000f5a0,0x0040f5a0,48,U_Utils_memclr,?U_Utils_memclr@@YAXPAXH@Z
PUB,.text,0x0000f5d0,0x0040f5d0,176,U_Utils_String_GetCopy,?U_Utils_String_GetCopy@@YAPADPBD@Z
PUB,.text,0x0000f680,0x0040f680,32,U_Utils_String_DisposeCopy,?U_Utils_String_DisposeCopy@@YAXPAD@Z
PUB,.text,0x0000f6a0,0x0040f6a0,80,U_Utils_String_ToUpper,?U_Utils_String_ToUpper@@YAXPAD@Z
PUB,.text,0x0000f6f0,0x0040f6f0,80,U_Utils_String_ToLower,?U_Utils_String_ToLower@@YAXPAD@Z
PUB,.text,0x0000f740,0x0040f740,64,U_Utils_String_Encrypt,?U_Utils_String_Encrypt@@YAXPAEH@Z
PUB,.text,0x0000f780,0x0040f780,96,U_Utils_String_Safe_strncpy,?U_Utils_String_Safe_strncpy@@YAPADPADPBDH@Z
PUB,.text,0x0000f7e0,0x0040f7e0,96,U_Utils_RandomInt,?U_Utils_RandomInt@@YAHHH@Z
PUB,.text,0x0000f840,0x0040f840,192,U_Utils_RandomFloat,?U_Utils_RandomFloat@@YAMMM@Z
PUB,.text,0x0000f900,0x0040f900,704,G_Bgnd_Init,?G_Bgnd_Init@@YAXXZ
PUB,.text,0x0000fbc0,0x0040fbc0,32,G_Bgnd_ResetAtEndOfGame,?G_Bgnd_ResetAtEndOfGame@@YAXXZ
PUB,.text,0x0000fbe0,0x0040fbe0,64,G_Bgnd_ShutDown,?G_Bgnd_ShutDown@@YAXXZ
PUB,.text,0x0000fc20,0x0040fc20,80,G_Bgnd_DoInitialMapSpawns,?G_Bgnd_DoInitialMapSpawns@@YAXXZ
PUB,.text,0x0000fc70,0x0040fc70,464,G_Bgnd_ResetAtLevelStart,?G_Bgnd_ResetAtLevelStart@@YAXPAUG_Level@@@Z
PUB,.text,0x0000fe40,0x0040fe40,704,G_Bgnd_Load,?G_Bgnd_Load@@YAXPAUG_Level@@@Z
PUB,.text,0x00010100,0x00410100,16,G_Bgnd_GetUpdateRectTop,?G_Bgnd_GetUpdateRectTop@@YAHXZ
PUB,.text,0x00010110,0x00410110,16,G_Bgnd_GetVerticalScrollingThisFrame,?G_Bgnd_GetVerticalScrollingThisFrame@@YAHXZ
PUB,.text,0x00010120,0x00410120,208,G_Bgnd_MediaMask_GetSurfaceAtLoc,?G_Bgnd_MediaMask_GetSurfaceAtLoc@@YA?AW4G_Bgnd_MediaMaskSurface@@PAUU_Utils_IntVector@@@Z
PUB,.text,0x000101f0,0x004101f0,32,G_Bgnd_ResumeVerticalScrolling,?G_Bgnd_ResumeVerticalScrolling@@YAXXZ
PUB,.text,0x00010210,0x00410210,16,G_Bgnd_StopVerticalScrolling,?G_Bgnd_StopVerticalScrolling@@YAXXZ
PUB,.text,0x00010220,0x00410220,16,G_Bgnd_IsVerticalScrollingPaused,?G_Bgnd_IsVerticalScrollingPaused@@YA_NXZ
PUB,.text,0x00010230,0x00410230,128,G_Bgnd_Process,?G_Bgnd_Process@@YA?AW4G_Bgnd_LevelStatus@@XZ
PUB,.text,0x000102b0,0x004102b0,16,G_Bgnd_GetSideScrolling,?G_Bgnd_GetSideScrolling@@YAHXZ
PUB,.text,0x000102c0,0x004102c0,112,G_Bgnd_AdjustSideScroll,?G_Bgnd_AdjustSideScroll@@YAXW4G_Bgnd_SideScrollingDirection@@@Z
PUB,.text,0x00010330,0x00410330,4064,G_Bgnd_CopyToFrontBuffer,?G_Bgnd_CopyToFrontBuffer@@YAXXZ
PUB,.text,0x00011310,0x00411310,320,G_Console_Init,?G_Console_Init@@YAXXZ
PUB,.text,0x00011450,0x00411450,64,G_Console_ShutDown,?G_Console_ShutDown@@YAXXZ
PUB,.text,0x00011490,0x00411490,80,G_Console_Reset,?G_Console_Reset@@YAXK@Z
PUB,.text,0x000114e0,0x004114e0,320,G_Console_RegisterCommand,?G_Console_RegisterCommand@@YAXPBD0P6A_N0@Z_N22@Z
PUB,.text,0x00011620,0x00411620,16,G_Console_IsActive,?G_Console_IsActive@@YA_NXZ
PUB,.text,0x00011630,0x00411630,128,G_Console_Activate,?G_Console_Activate@@YAXK@Z
PUB,.text,0x000116b0,0x004116b0,432,G_Console_Process,?G_Console_Process@@YAXK@Z
PUB,.text,0x00011860,0x00411860,2176,G_Console_BuildDrawList,?G_Console_BuildDrawList@@YAXXZ
PUB,.text,0x000120e0,0x004120e0,2512,G_Credits_Display,?G_Credits_Display@@YA_NJ@Z
PUB,.text,0x00012ab0,0x00412ab0,96,G_Debris_Init,?G_Debris_Init@@YAXXZ
PUB,.text,0x00012b10,0x00412b10,64,G_Debris_ShutDown,?G_Debris_ShutDown@@YAXXZ
PUB,.text,0x00012b50,0x00412b50,112,G_Debris_ResetAtLevelStart,?G_Debris_ResetAtLevelStart@@YAXXZ
PUB,.text,0x00012bc0,0x00412bc0,128,G_Debris_New,?G_Debris_New@@YAXPAUU_Rect@@@Z
PUB,.text,0x00012c40,0x00412c40,144,G_Debris_Process,?G_Debris_Process@@YAXXZ
PUB,.text,0x00012cd0,0x00412cd0,160,G_Debris_CheckCollision,?G_Debris_CheckCollision@@YA_NPAUU_Rect@@@Z
PUB,.text,0x00012d70,0x00412d70,800,G_Debris_GetNumActive,?G_Debris_GetNumActive@@YAHXZ
PUB,.text,0x00013090,0x00413090,80,G_Entity::G_Entity,??0G_Entity@@QAE@XZ
PUB,.text,0x000130e0,0x004130e0,32,G_Entity::~G_Entity,??1G_Entity@@QAE@XZ
PUB,.text,0x00013100,0x00413100,560,G_Entity::Reset,?Reset@G_Entity@@QAEXXZ
PUB,.text,0x00013330,0x00413330,464,G_Entity::SetUnitRef,?SetUnitRef@G_Entity@@QAEXPAUG_UnitDef@@@Z
PUB,.text,0x00013500,0x00413500,32,G_Entity::GetCurrentStatePtr,?GetCurrentStatePtr@G_Entity@@QAEPAUG_UnitDef_FileData_State@@XZ
PUB,.text,0x00013520,0x00413520,128,G_Entity::ChangeToWeaponPowerupReleaseState,?ChangeToWeaponPowerupReleaseState@G_Entity@@QAEXH@Z
PUB,.text,0x000135a0,0x004135a0,2032,G_Entity::ChangeState,?ChangeState@G_Entity@@QAEX_NPBDHPA_N2@Z
PUB,.text,0x00013d90,0x00413d90,1008,G_Entity::Hit,?Hit@G_Entity@@QAEMMW4G_Game_PlayerNum@@H@Z
PUB,.text,0x00014180,0x00414180,784,G_Entity::DoMovementAI,?DoMovementAI@G_Entity@@QAEXHPA_N0@Z
PUB,.text,0x00014490,0x00414490,1120,G_Entity::ProcessRules,?ProcessRules@G_Entity@@QAEXHPA_N0@Z
PUB,.text,0x000148f0,0x004148f0,496,G_Entity::Animate,?Animate@G_Entity@@QAEXH@Z
PUB,.text,0x00014ae0,0x00414ae0,1456,G_Entity::SpawnControl,?SpawnControl@G_Entity@@QAEXH@Z
PUB,.text,0x00015090,0x00415090,144,G_Entity::GetAngleFromSpriteInfo,?GetAngleFromSpriteInfo@G_Entity@@QAEHXZ
PUB,.text,0x00015120,0x00415120,224,G_Entity::GetFrameForAngle,?GetFrameForAngle@G_Entity@@QAEHH@Z
PUB,.text,0x00015200,0x00415200,1872,G_Entity::Destroy,?Destroy@G_Entity@@QAEXW4G_Game_PlayerNum@@H@Z
PUB,.text,0x00015950,0x00415950,832,G_Entity::CanSpawnOnMedia,?CanSpawnOnMedia@G_Entity@@QAE_NXZ
PUB,.text,0x00015c90,0x00415c90,144,G_Entity::IsWithinGameArea,?IsWithinGameArea@G_Entity@@QAE_NXZ
PUB,.text,0x00015d20,0x00415d20,256,G_Entity::Priv_MoveToTargetLoc,?Priv_MoveToTargetLoc@G_Entity@@AAEXXZ
PUB,.text,0x00015e20,0x00415e20,416,G_Entity::Priv_ConstrainInGameArea,?Priv_ConstrainInGameArea@G_Entity@@AAEXXZ
PUB,.text,0x00015fc0,0x00415fc0,352,G_Entity::Priv_DoCyclicMotion,?Priv_DoCyclicMotion@G_Entity@@AAEXXZ
PUB,.text,0x00016120,0x00416120,320,G_Entity::Priv_DoRotationAsRequired,?Priv_DoRotationAsRequired@G_Entity@@AAE_NH@Z
PUB,.text,0x00016260,0x00416260,704,G_Entity::Priv_RotateToTargetLoc,?Priv_RotateToTargetLoc@G_Entity@@AAE_NH@Z
PUB,.text,0x00016520,0x00416520,1328,G_Entity::Priv_Flee,?Priv_Flee@G_Entity@@AAEXW4G_UnitDef_FleeID@@@Z
PUB,.text,0x00016a50,0x00416a50,448,G_Entity::Priv_AdjustToRequiredVelocity,?Priv_AdjustToRequiredVelocity@G_Entity@@AAEXXZ
PUB,.text,0x00016c10,0x00416c10,224,G_Entity::Priv_HoldToTarget,?Priv_HoldToTarget@G_Entity@@AAEXPAUU_Utils_Vector@@@Z
PUB,.text,0x00016cf0,0x00416cf0,128,G_Entity::Priv_ReverseFromTarget,?Priv_ReverseFromTarget@G_Entity@@AAEXPAUU_Utils_Vector@@M@Z
PUB,.text,0x00016d70,0x00416d70,352,G_Entity::Priv_CheckSpawningAbilityAtStateChange,?Priv_CheckSpawningAbilityAtStateChange@G_Entity@@AAEXH@Z
PUB,.text,0x00016ed0,0x00416ed0,96,G_Entity::Priv_DeleteSpawnInfoList,?Priv_DeleteSpawnInfoList@G_Entity@@AAEXPAVU_LinkedList@@@Z
PUB,.text,0x00016f30,0x00416f30,128,G_Entity::Priv_ChangeStateOnShieldDepletion,?Priv_ChangeStateOnShieldDepletion@G_Entity@@AAEXH@Z
PUB,.text,0x00016fb0,0x00416fb0,864,G_Entity::Priv_CheckWithinRangeOfPlayers,?Priv_CheckWithinRangeOfPlayers@G_Entity@@AAE_NHPAUU_Utils_Vector@@PAW4G_Game_PlayerNum@@@Z
PUB,.text,0x00017310,0x00417310,784,G_EG_Init,?G_EG_Init@@YAXXZ
PUB,.text,0x00017620,0x00417620,112,G_EG_ShutDown,?G_EG_ShutDown@@YAXXZ
PUB,.text,0x00017690,0x00417690,624,G_EG_ResetAtLevelStart,?G_EG_ResetAtLevelStart@@YAXPAVU_LinkedList@@@Z
PUB,.text,0x00017900,0x00417900,400,G_EG_CheckForMapSpawnsAtRow,?G_EG_CheckForMapSpawnsAtRow@@YAXH@Z
PUB,.text,0x00017a90,0x00417a90,1136,G_EG_RequestSpawn,?G_EG_RequestSpawn@@YAXPAUG_EG_SpawnRequest@@PAUG_Entity_Ref@@PAUG_UnitDef@@@Z
PUB,.text,0x00017f00,0x00417f00,800,G_EG_CacheOwnerLocOffsetsAndAngles,?G_EG_CacheOwnerLocOffsetsAndAngles@@YAXPAVG_Entity@@@Z
PUB,.text,0x00018220,0x00418220,3648,G_EG_Process,?G_EG_Process@@YA_NH@Z
PUB,.text,0x00019060,0x00419060,2160,G_EG_BuildDrawList,?G_EG_BuildDrawList@@YAXXZ
PUB,.text,0x000198d0,0x004198d0,320,G_EG_DisposePlayersChildren,?G_EG_DisposePlayersChildren@@YAXW4G_Game_PlayerNum@@@Z
PUB,.text,0x00019a10,0x00419a10,224,G_EG_ChangeStateOnWeaponPowerupReleaseByUniqueEntityNum,?G_EG_ChangeStateOnWeaponPowerupReleaseByUniqueEntityNum@@YAXHH@Z
PUB,.text,0x00019af0,0x00419af0,256,G_EG_DisposeByUniqueEntityNum,?G_EG_DisposeByUniqueEntityNum@@YAXH@Z
PUB,.text,0x00019bf0,0x00419bf0,384,G_EG_RuleCondition_IsEntityTrackingPlayer,?G_EG_RuleCondition_IsEntityTrackingPlayer@@YA_NJPAUU_Utils_Vector@@H@Z
PUB,.text,0x00019d70,0x00419d70,384,G_EG_RuleCondition_IsEntityActive,?G_EG_RuleCondition_IsEntityActive@@YA_NJPAUU_Utils_Vector@@H@Z
PUB,.text,0x00019ef0,0x00419ef0,240,G_EG_RuleCondition_GetNumEntitiesActive_ByEntityType,?G_EG_RuleCondition_GetNumEntitiesActive_ByEntityType@@YAHJ@Z
PUB,.text,0x00019fe0,0x00419fe0,224,G_EG_RuleCondition_IsAnyDestroyableAirEntityActive,?G_EG_RuleCondition_IsAnyDestroyableAirEntityActive@@YA_NXZ
PUB,.text,0x0001a0c0,0x0041a0c0,224,G_EG_RuleCondition_IsAnyDestroyableGroundEntityActive,?G_EG_RuleCondition_IsAnyDestroyableGroundEntityActive@@YA_NXZ
PUB,.text,0x0001a1a0,0x0041a1a0,128,G_EG_GetNumActive,?G_EG_GetNumActive@@YAHXZ
PUB,.text,0x0001a220,0x0041a220,32,G_EG_GetNumActiveGroups,?G_EG_GetNumActiveGroups@@YAHXZ
PUB,.text,0x0001a240,0x0041a240,15568,G_EG_CheckIntegrity,?G_EG_CheckIntegrity@@YA_N_N@Z
PUB,.text,0x0001df10,0x0041df10,96,G_Film::G_Film,??0G_Film@@QAE@XZ
PUB,.text,0x0001df70,0x0041df70,80,G_Film::~G_Film,??1G_Film@@QAE@XZ
PUB,.text,0x0001dfc0,0x0041dfc0,384,G_Film::Load,?Load@G_Film@@QAE_NJ@Z
PUB,.text,0x0001e140,0x0041e140,208,G_Film::Save,?Save@G_Film@@QAEXJ@Z
PUB,.text,0x0001e210,0x0041e210,80,G_Film::StartPlayback,?StartPlayback@G_Film@@QAEXPAJPAW4G_Game_Type@@0@Z
PUB,.text,0x0001e260,0x0041e260,96,G_Film::StartRecording,?StartRecording@G_Film@@QAEXJW4G_Game_Type@@J@Z
PUB,.text,0x0001e2c0,0x0041e2c0,16,G_Film::IsFinished,?IsFinished@G_Film@@QAE_NXZ
PUB,.text,0x0001e2d0,0x0041e2d0,16,G_Film::GetRandomSeed,?GetRandomSeed@G_Film@@QBEJXZ
PUB,.text,0x0001e2e0,0x0041e2e0,16,G_Film::GetLevelID,?GetLevelID@G_Film@@QBEJXZ
PUB,.text,0x0001e2f0,0x0041e2f0,16,G_Film::GetGameType,?GetGameType@G_Film@@QBE?AW4G_Game_Type@@XZ
PUB,.text,0x0001e300,0x0041e300,208,G_Film::GetInputs,?GetInputs@G_Film@@QAEXW4G_Game_PlayerNum@@PAUG_Input_PlayerInputs@@@Z
PUB,.text,0x0001e3d0,0x0041e3d0,208,G_Film::SetInputs,?SetInputs@G_Film@@QAEXW4G_Game_PlayerNum@@PAUG_Input_PlayerInputs@@J@Z
PUB,.text,0x0001e4a0,0x0041e4a0,496,G_Film::Priv_ResetCurrentFrameNumbers,?Priv_ResetCurrentFrameNumbers@G_Film@@AAEXXZ
PUB,.text,0x0001e690,0x0041e690,3648,G_Game_Play,?G_Game_Play@@YAXPAUG_Game_Settings@@PAUG_Game_Results@@@Z
PUB,.text,0x0001f4d0,0x0041f4d0,16,G_Game_IsPlaying,?G_Game_IsPlaying@@YA_NXZ
PUB,.text,0x0001f4e0,0x0041f4e0,16,G_Game_GetLevelID,?G_Game_GetLevelID@@YAJXZ
PUB,.text,0x0001f4f0,0x0041f4f0,16,G_Game_GetCurrentLevelNumber,?G_Game_GetCurrentLevelNumber@@YAHXZ
PUB,.text,0x0001f500,0x0041f500,16,G_Game_GameTime_Get,?G_Game_GameTime_Get@@YAHXZ
PUB,.text,0x0001f510,0x0041f510,16,G_Game_IsWaitingForLevelToEnd,?G_Game_IsWaitingForLevelToEnd@@YA_NXZ
PUB,.text,0x0001f520,0x0041f520,16,G_Game_GroundAccuracy_CheckForRewardThisLevel,?G_Game_GroundAccuracy_CheckForRewardThisLevel@@YA_NXZ
PUB,.text,0x0001f530,0x0041f530,16,G_Game_GroundAccuracy_SetRewardDone,?G_Game_GroundAccuracy_SetRewardDone@@YAXXZ
PUB,.text,0x0001f540,0x0041f540,16,G_Game_Player_GetPtr,?G_Game_Player_GetPtr@@YAPAXW4G_Game_PlayerNum@@@Z
PUB,.text,0x0001f550,0x0041f550,384,G_Game_Player_GetClosestActive,?G_Game_Player_GetClosestActive@@YA_NPAUU_Utils_Vector@@0PAMPAW4G_Game_PlayerNum@@@Z
PUB,.text,0x0001f6d0,0x0041f6d0,432,G_Game_Player_GetClosestActive,?G_Game_Player_GetClosestActive@@YA_NPAUU_Utils_Vector@@0@Z
PUB,.text,0x0001f880,0x0041f880,96,G_Game_Player_GetActiveLoc,?G_Game_Player_GetActiveLoc@@YA_NW4G_Game_PlayerNum@@PAUU_Utils_Vector@@@Z
PUB,.text,0x0001f8e0,0x0041f8e0,80,G_Game_Player_IsAnyActive,?G_Game_Player_IsAnyActive@@YA_NXZ
PUB,.text,0x0001f930,0x0041f930,64,G_Game_Player_AdjustScore,?G_Game_Player_AdjustScore@@YAXW4G_Game_PlayerNum@@H_N@Z
PUB,.text,0x0001f970,0x0041f970,16,G_Game_GroundAccuracy_AddTarget,?G_Game_GroundAccuracy_AddTarget@@YAXXZ
PUB,.text,0x0001f980,0x0041f980,16,G_Game_GroundAccuracy_AddDestroyed,?G_Game_GroundAccuracy_AddDestroyed@@YAXXZ
PUB,.text,0x0001f990,0x0041f990,32,G_Game_GetShadowsOption,?G_Game_GetShadowsOption@@YA_NXZ
PUB,.text,0x0001f9b0,0x0041f9b0,13888,G_Game_DrawGridInRect,?G_Game_DrawGridInRect@@YAXPAUU_Rect@@_N1@Z
PUB,.text,0x00022ff0,0x00422ff0,32,G_GameInterface::G_GameInterface,??0G_GameInterface@@QAE@XZ
PUB,.text,0x00023010,0x00423010,16,G_GameInterface::~G_GameInterface,??1G_GameInterface@@QAE@XZ
PUB,.text,0x00023020,0x00423020,96,G_GameInterface::Init,?Init@G_GameInterface@@QAEX_NW4G_Interface_UpdateFlag@@0@Z
PUB,.text,0x00023080,0x00423080,16,G_GameInterface::ShutDown,?ShutDown@G_GameInterface@@QAEXXZ
PUB,.text,0x00023090,0x00423090,80,G_GameInterface::ResetAtLevelStart,?ResetAtLevelStart@G_GameInterface@@QAEXXZ
PUB,.text,0x000230e0,0x004230e0,16,G_GameInterface::GetInterfaceTime,?GetInterfaceTime@G_GameInterface@@QAEKXZ
PUB,.text,0x000230f0,0x004230f0,416,G_GameInterface::Process_StartFrame,?Process_StartFrame@G_GameInterface@@QAEKPA_N0@Z
PUB,.text,0x00023290,0x00423290,80,G_GameInterface::Process_EndFrame,?Process_EndFrame@G_GameInterface@@QAEX_N@Z
PUB,.text,0x000232e0,0x004232e0,128,G_GameInterface::FPS_Reset,?FPS_Reset@G_GameInterface@@AAEXXZ
PUB,.text,0x00023360,0x00423360,384,G_GameInterface::FPS_Check,?FPS_Check@G_GameInterface@@AAEXXZ
PUB,.text,0x000234e0,0x004234e0,32,G_GameInterface::Processing_Reset,?Processing_Reset@G_GameInterface@@AAEXXZ
PUB,.text,0x00023500,0x00423500,16,G_GameInterface::Processing_DoThisFrame,?Processing_DoThisFrame@G_GameInterface@@AAE_NXZ
PUB,.text,0x00023510,0x00423510,176,G_GameInterface::CheckForEscape,?CheckForEscape@G_GameInterface@@AAE_NXZ
PUB,.text,0x000235c0,0x004235c0,112,G_GameInterface::CheckForPause,?CheckForPause@G_GameInterface@@AAEXXZ
PUB,.text,0x00023630,0x00423630,16,G_GameInterface::IsCurrentlyPaused,?IsCurrentlyPaused@G_GameInterface@@QAE_NXZ
PUB,.text,0x00023640,0x00423640,608,G_GameInterface::SettingsInputs_Handle,?SettingsInputs_Handle@G_GameInterface@@AAEXXZ
PUB,.text,0x000238a0,0x004238a0,576,G_GameInterface::Draw,?Draw@G_GameInterface@@AAEX_N@Z
PUB,.text,0x00023ae0,0x00423ae0,848,G_GameInterface::ResetInternals,?ResetInternals@G_GameInterface@@AAEXXZ
PUB,.text,0x00023e30,0x00423e30,48,G_GameObject::G_GameObject,??0G_GameObject@@QAE@XZ
PUB,.text,0x00023e60,0x00423e60,16,G_GameObject::~G_GameObject,??1G_GameObject@@QAE@XZ
PUB,.text,0x00023e70,0x00423e70,256,G_GameObject::SetDefaults,?SetDefaults@G_GameObject@@QAEXXZ
PUB,.text,0x00023f70,0x00423f70,240,G_GameObject::AdjustVisibilityAndTinting,?AdjustVisibilityAndTinting@G_GameObject@@QAEXXZ
PUB,.text,0x00024060,0x00424060,112,G_GameObject::DoScaling,?DoScaling@G_GameObject@@QAEXXZ
PUB,.text,0x000240d0,0x004240d0,16,G_GameObject::GetLoc,?GetLoc@G_GameObject@@QAEPAUU_Utils_Vector@@XZ
PUB,.text,0x000240e0,0x004240e0,32,G_GameObject::GetLoc,?GetLoc@G_GameObject@@QBEXPAUU_Utils_Vector@@@Z
PUB,.text,0x00024100,0x00424100,32,G_GameObject::GetLoc,?GetLoc@G_GameObject@@QBEXPAM0@Z
PUB,.text,0x00024120,0x00424120,32,G_GameObject::SetLoc,?SetLoc@G_GameObject@@QAEXPAUU_Utils_Vector@@@Z
PUB,.text,0x00024140,0x00424140,32,G_GameObject::SetLoc,?SetLoc@G_GameObject@@QAEXMM@Z
PUB,.text,0x00024160,0x00424160,176,G_GameObject::CalculateDimensions,?CalculateDimensions@G_GameObject@@QAEXXZ
PUB,.text,0x00024210,0x00424210,288,G_GameObject::GetBounds,?GetBounds@G_GameObject@@QBEXPAUU_Rect@@@Z
PUB,.text,0x00024330,0x00424330,304,G_GameObject::GetBounds,?GetBounds@G_GameObject@@QBEXPAH000@Z
PUB,.text,0x00024460,0x00424460,32,G_GameObject::GetDimensions,?GetDimensions@G_GameObject@@QBEXPAH0@Z
PUB,.text,0x00024480,0x00424480,64,G_GameObject::Glow_Start,?Glow_Start@G_GameObject@@QAEXGH_N@Z
PUB,.text,0x000244c0,0x004244c0,16,G_GameObject::Glow_Stop,?Glow_Stop@G_GameObject@@QAEXXZ
PUB,.text,0x000244d0,0x004244d0,96,G_GameObject::Glow_Process,?Glow_Process@G_GameObject@@QAEXXZ
PUB,.text,0x00024530,0x00424530,480,G_GameObject::MoveAndCheckPosition,?MoveAndCheckPosition@G_GameObject@@QAE_NH_N@Z
PUB,.text,0x00024710,0x00424710,80,G_GameObject::Draw,?Draw@G_GameObject@@QAEXXZ
PUB,.text,0x00024760,0x00424760,1248,G_GameObject::Priv_Draw,?Priv_Draw@G_GameObject@@AAEXXZ
PUB,.text,0x00024c40,0x00424c40,2960,G_GameObject::Priv_DrawShadow,?Priv_DrawShadow@G_GameObject@@AAEXXZ
PUB,.text,0x000257d0,0x004257d0,80,G_GameObject_GetStringID,?G_GameObject_GetStringID@@YAXJPAY04D@Z
PUB,.text,0x00025820,0x00425820,720,G_GameObject_ConvertStringToID,?G_GameObject_ConvertStringToID@@YAJPBD@Z
PUB,.text,0x00025af0,0x00425af0,48,G_Input_Init,?G_Input_Init@@YAXXZ
PUB,.text,0x00025b20,0x00425b20,48,G_Input_ShutDown,?G_Input_ShutDown@@YAXXZ
PUB,.text,0x00025b50,0x00425b50,16,G_Input_ResetAtLevelStart,?G_Input_ResetAtLevelStart@@YAXXZ
PUB,.text,0x00025b60,0x00425b60,16,G_Input_AssumeControl,?G_Input_AssumeControl@@YAX_N@Z
PUB,.text,0x00025b70,0x00425b70,16,G_Input_ReleaseControl,?G_Input_ReleaseControl@@YAXXZ
PUB,.text,0x00025b80,0x00425b80,16,G_Input_HasAssumedControl,?G_Input_HasAssumedControl@@YA_NXZ
PUB,.text,0x00025b90,0x00425b90,64,G_Input_Clear,?G_Input_Clear@@YAXXZ
PUB,.text,0x00025bd0,0x00425bd0,896,G_Input_CachePlayerInputs,?G_Input_CachePlayerInputs@@YAXXZ
PUB,.text,0x00025f50,0x00425f50,128,G_Input_GetCachedPlayerInputs,?G_Input_GetCachedPlayerInputs@@YAXW4G_Game_PlayerNum@@PAUG_Input_PlayerInputs@@@Z
PUB,.text,0x00025fd0,0x00425fd0,1328,G_Interface,?G_Interface@@YAXXZ
PUB,.text,0x00026500,0x00426500,16,G_Interface_RequestApplicationQuit,?G_Interface_RequestApplicationQuit@@YAXXZ
PUB,.text,0x00026510,0x00426510,304,G_Interface_PauseGame,?G_Interface_PauseGame@@YA_NW4G_Interface_UpdateFlag@@_N1@Z
PUB,.text,0x00026640,0x00426640,144,G_Interface_IdleEventLoop,?G_Interface_IdleEventLoop@@YA_NXZ
PUB,.text,0x000266d0,0x004266d0,16,G_Interface_IsSuspended,?G_Interface_IsSuspended@@YA_NXZ
PUB,.text,0x000266e0,0x004266e0,400,G_Interface_DisplayAd,?G_Interface_DisplayAd@@YAX_N@Z
PUB,.text,0x00026870,0x00426870,800,G_Interface_Progress_Display,?G_Interface_Progress_Display@@YAXPBD_N1@Z
PUB,.text,0x00026b90,0x00426b90,10368,G_Interface_Progress_FadeOut,?G_Interface_Progress_FadeOut@@YAXXZ
PUB,.text,0x00029410,0x00429410,48,G_Level_Init,?G_Level_Init@@YAXXZ
PUB,.text,0x00029440,0x00429440,64,G_Level_ShutDown,?G_Level_ShutDown@@YAXXZ
PUB,.text,0x00029480,0x00429480,16,G_Level_GetNumLevelsInDemo,?G_Level_GetNumLevelsInDemo@@YAHXZ
PUB,.text,0x00029490,0x00429490,16,G_Level_HackTest_Fux0r,?G_Level_HackTest_Fux0r@@YAXXZ
PUB,.text,0x000294a0,0x004294a0,160,G_Level_HackTest_IsLevelADemoLevel,?G_Level_HackTest_IsLevelADemoLevel@@YA_NPAUG_Level@@@Z
PUB,.text,0x00029540,0x00429540,592,G_Level_BuildInfoList,?G_Level_BuildInfoList@@YAXXZ
PUB,.text,0x00029790,0x00429790,64,G_Level_GetNumInLevelList,?G_Level_GetNumInLevelList@@YAHXZ
PUB,.text,0x000297d0,0x004297d0,160,G_Level_Get1BasedNumForLevelID,?G_Level_Get1BasedNumForLevelID@@YAHJ@Z
PUB,.text,0x00029870,0x00429870,160,G_Level_GetLevelIDFor1BasedLevelListNumber,?G_Level_GetLevelIDFor1BasedLevelListNumber@@YAJH@Z
PUB,.text,0x00029910,0x00429910,240,G_Level_LoadByLevelListNumber,?G_Level_LoadByLevelListNumber@@YAXHPAUG_Level@@PAVU_LinkedList@@@Z
PUB,.text,0x00029a00,0x00429a00,48,G_Level_LoadByID,?G_Level_LoadByID@@YAXJPAUG_Level@@PAVU_LinkedList@@@Z
PUB,.text,0x00029a30,0x00429a30,1664,G_Level_DisposeLevelObjects,?G_Level_DisposeLevelObjects@@YAXPAVU_LinkedList@@@Z
PUB,.text,0x0002a0b0,0x0042a0b0,16,G_LevelSelect_IsRunning,?G_LevelSelect_IsRunning@@YA_NXZ
PUB,.text,0x0002a0c0,0x0042a0c0,4928,G_LevelSelect_GetStartingLevelIDFromUser,?G_LevelSelect_GetStartingLevelIDFromUser@@YAJPAH@Z
PUB,.text,0x0002b400,0x0042b400,5632,Priv_Preview::~Priv_Preview,??1Priv_Preview@@QAE@XZ
PUB,.text,0x0002ca00,0x0042ca00,48,G_Message_Init,?G_Message_Init@@YAXXZ
PUB,.text,0x0002ca30,0x0042ca30,64,G_Message_ShutDown,?G_Message_ShutDown@@YAXXZ
PUB,.text,0x0002ca70,0x0042ca70,112,G_Message_ResetAtLevelStart,?G_Message_ResetAtLevelStart@@YAXXZ
PUB,.text,0x0002cae0,0x0042cae0,448,G_Message_New,?G_Message_New@@YAXPBDW4G_Message_Type@@_NP6AHXZ@Z
PUB,.text,0x0002cca0,0x0042cca0,336,G_Message_Process,?G_Message_Process@@YAXK@Z
PUB,.text,0x0002cdf0,0x0042cdf0,1776,G_Message_BuildDrawList,?G_Message_BuildDrawList@@YAXXZ
PUB,.text,0x0002d4e0,0x0042d4e0,128,G_MotionBlur_Init,?G_MotionBlur_Init@@YAXXZ
PUB,.text,0x0002d560,0x0042d560,80,G_MotionBlur_ShutDown,?G_MotionBlur_ShutDown@@YAXXZ
PUB,.text,0x0002d5b0,0x0042d5b0,112,G_MotionBlur_ResetAtLevelStart,?G_MotionBlur_ResetAtLevelStart@@YAXXZ
PUB,.text,0x0002d620,0x0042d620,400,G_MotionBlur_New,?G_MotionBlur_New@@YAXPAUG_MotionBlur_Request@@@Z
PUB,.text,0x0002d7b0,0x0042d7b0,192,G_MotionBlur_Process,?G_MotionBlur_Process@@YAXXZ
PUB,.text,0x0002d870,0x0042d870,128,G_MotionBlur_BuildDrawList,?G_MotionBlur_BuildDrawList@@YAXXZ
PUB,.text,0x0002d8f0,0x0042d8f0,1520,G_MotionBlur_GetNumActive,?G_MotionBlur_GetNumActive@@YAHXZ
PUB,.text,0x0002dee0,0x0042dee0,112,G_Notice_Init,?G_Notice_Init@@YAXXZ
PUB,.text,0x0002df50,0x0042df50,64,G_Notice_ShutDown,?G_Notice_ShutDown@@YAXXZ
PUB,.text,0x0002df90,0x0042df90,192,G_Notice_ResetAtLevelStart,?G_Notice_ResetAtLevelStart@@YAXXZ
PUB,.text,0x0002e050,0x0042e050,304,G_Notice_Request,?G_Notice_Request@@YAXPAUG_Notice_Settings@@H@Z
PUB,.text,0x0002e180,0x0042e180,464,G_Notice_Process,?G_Notice_Process@@YAXH@Z
PUB,.text,0x0002e350,0x0042e350,1120,G_Notice_BuildDrawList,?G_Notice_BuildDrawList@@YAXXZ
PUB,.text,0x0002e7b0,0x0042e7b0,160,G_Particle_Init,?G_Particle_Init@@YAXXZ
PUB,.text,0x0002e850,0x0042e850,64,G_Particle_ShutDown,?G_Particle_ShutDown@@YAXXZ
PUB,.text,0x0002e890,0x0042e890,112,G_Particle_ResetAtLevelStart,?G_Particle_ResetAtLevelStart@@YAXXZ
PUB,.text,0x0002e900,0x0042e900,1536,G_Particle_NewGroup,?G_Particle_NewGroup@@YAXPAUG_Particle_Settings@@@Z
PUB,.text,0x0002ef00,0x0042ef00,768,G_Particle_Process,?G_Particle_Process@@YAXXZ
PUB,.text,0x0002f200,0x0042f200,3504,G_Particle_Draw,?G_Particle_Draw@@YAXXZ
PUB,.text,0x0002ffb0,0x0042ffb0,1888,G_Particle_GetNumActive,?G_Particle_GetNumActive@@YAHXZ
PUB,.text,0x00030710,0x00430710,272,G_Player::G_Player,??0G_Player@@QAE@XZ
PUB,.text,0x00030820,0x00430820,48,G_Player::~G_Player,??1G_Player@@QAE@XZ
PUB,.text,0x00030850,0x00430850,1776,G_Player::SetUpAtNewGameStart,?SetUpAtNewGameStart@G_Player@@QAEXW4G_Game_PlayerNum@@W4G_Game_Type@@HH@Z
PUB,.text,0x00030f40,0x00430f40,352,G_Player::ResetAtLevelStart,?ResetAtLevelStart@G_Player@@QAEXJH@Z
PUB,.text,0x000310a0,0x004310a0,144,G_Player::Priv_ResetPosition,?Priv_ResetPosition@G_Player@@AAEXXZ
PUB,.text,0x00031130,0x00431130,16,G_Player::InGame,?InGame@G_Player@@QAE_NXZ
PUB,.text,0x00031140,0x00431140,32,G_Player::IsAboutToBeRemovedFromGame,?IsAboutToBeRemovedFromGame@G_Player@@QAE_NXZ
PUB,.text,0x00031160,0x00431160,16,G_Player::GetState,?GetState@G_Player@@QAE?AW4G_Player_StateFlag@@XZ
PUB,.text,0x00031170,0x00431170,32,G_Player::IsState,?IsState@G_Player@@QAE_NW4G_Player_StateFlag@@@Z
PUB,.text,0x00031190,0x00431190,32,G_Player::SetState,?SetState@G_Player@@QAEXW4G_Player_StateFlag@@H@Z
PUB,.text,0x000311b0,0x004311b0,16,G_Player::GetNumber,?GetNumber@G_Player@@QAE?AW4G_Game_PlayerNum@@XZ
PUB,.text,0x000311c0,0x004311c0,16,G_Player::GetPlayerDefinitionRefPtr,?GetPlayerDefinitionRefPtr@G_Player@@QAEPAUG_PlayerDef@@XZ
PUB,.text,0x000311d0,0x004311d0,32,G_Player::Speed_Reset,?Speed_Reset@G_Player@@QAEXXZ
PUB,.text,0x000311f0,0x004311f0,128,G_Player::Lives_ResetAtNewGameStart,?Lives_ResetAtNewGameStart@G_Player@@QAEX_N@Z
PUB,.text,0x00031270,0x00431270,16,G_Player::Lives_Get,?Lives_Get@G_Player@@QAEHXZ
PUB,.text,0x00031280,0x00431280,32,G_Player::Lives_Set,?Lives_Set@G_Player@@QAEXH@Z
PUB,.text,0x000312a0,0x004312a0,272,G_Player::Lives_Add,?Lives_Add@G_Player@@QAEX_N@Z
PUB,.text,0x000313b0,0x004313b0,96,G_Player::PowerupOverload_Reset,?PowerupOverload_Reset@G_Player@@QAEXXZ
PUB,.text,0x00031410,0x00431410,560,G_Player::PowerupOverload_Process,?PowerupOverload_Process@G_Player@@QAEXH@Z
PUB,.text,0x00031640,0x00431640,720,G_Player::Hit,?Hit@G_Player@@QAEXMH@Z
PUB,.text,0x00031910,0x00431910,112,G_Player::Shields_Reset,?Shields_Reset@G_Player@@QAEX_N@Z
PUB,.text,0x00031980,0x00431980,160,G_Player::Shields_IncreasePercentage,?Shields_IncreasePercentage@G_Player@@QAEXM@Z
PUB,.text,0x00031a20,0x00431a20,16,G_Player::Shields_GetPercentage,?Shields_GetPercentage@G_Player@@QAEMXZ
PUB,.text,0x00031a30,0x00431a30,32,G_Player::Shields_SetPercentage,?Shields_SetPercentage@G_Player@@QAEXM@Z
PUB,.text,0x00031a50,0x00431a50,32,G_Player::Money_Reset,?Money_Reset@G_Player@@QAEXXZ
PUB,.text,0x00031a70,0x00431a70,64,G_Player::Money_Change,?Money_Change@G_Player@@QAEXH@Z
PUB,.text,0x00031ab0,0x00431ab0,16,G_Player::Money_Get,?Money_Get@G_Player@@QAEHXZ
PUB,.text,0x00031ac0,0x00431ac0,32,G_Player::Money_Set,?Money_Set@G_Player@@QAEXH@Z
PUB,.text,0x00031ae0,0x00431ae0,112,G_Player::MoneyCounter_Reset,?MoneyCounter_Reset@G_Player@@QAEXXZ
PUB,.text,0x00031b50,0x00431b50,848,G_Player::MoneyCounter_Start,?MoneyCounter_Start@G_Player@@QAE_NH_N@Z
PUB,.text,0x00031ea0,0x00431ea0,1520,G_Player::MoneyCounter_Process,?MoneyCounter_Process@G_Player@@QAE_NH@Z
PUB,.text,0x00032490,0x00432490,16,G_Player::MoneyCounter_IsActive,?MoneyCounter_IsActive@G_Player@@QAE_NXZ
PUB,.text,0x000324a0,0x004324a0,16,G_Player::IsInvulnerable,?IsInvulnerable@G_Player@@QAE_NXZ
PUB,.text,0x000324b0,0x004324b0,80,G_Player::SetInvulnerability,?SetInvulnerability@G_Player@@QAEX_N0@Z
PUB,.text,0x00032500,0x00432500,800,G_Player::Destroy,?Destroy@G_Player@@QAEXH@Z
PUB,.text,0x00032820,0x00432820,9712,G_Player::Process,?Process@G_Player@@QAEX_N0HPAVG_Film@@W4G_Game_Mode@@0@Z
PUB,.text,0x00034e10,0x00434e10,224,G_Player::BuildDrawList,?BuildDrawList@G_Player@@QAEXXZ
PUB,.text,0x00034ef0,0x00434ef0,32,G_Player::Score_Reset,?Score_Reset@G_Player@@QAEXXZ
PUB,.text,0x00034f10,0x00434f10,16,G_Player::Score_Get,?Score_Get@G_Player@@QAEHXZ
PUB,.text,0x00034f20,0x00434f20,32,G_Player::Score_Set,?Score_Set@G_Player@@QAEXH@Z
PUB,.text,0x00034f40,0x00434f40,336,G_Player::Score_Adjust,?Score_Adjust@G_Player@@QAEXH_N@Z
PUB,.text,0x00035090,0x00435090,112,G_Player::Multiplier_Advance,?Multiplier_Advance@G_Player@@QAEXXZ
PUB,.text,0x00035100,0x00435100,16,G_Player::Multiplier_Get,?Multiplier_Get@G_Player@@QAE?AW4G_Player_MultiplierValue@@XZ
PUB,.text,0x00035110,0x00435110,16,G_Player::Cheating_Get,?Cheating_Get@G_Player@@QAE_NXZ
PUB,.text,0x00035120,0x00435120,16,G_Player::Cheating_Set,?Cheating_Set@G_Player@@QAEX_N@Z
PUB,.text,0x00035130,0x00435130,144,G_Player::Cheating_GetNextAvailablePermWeapon,?Cheating_GetNextAvailablePermWeapon@G_Player@@QAEXW4G_WepDef_Type@@@Z
PUB,.text,0x000351c0,0x004351c0,16,G_Player::Level_GetLastIDAchieved,?Level_GetLastIDAchieved@G_Player@@QAEJXZ
PUB,.text,0x000351d0,0x004351d0,512,G_Player::Priv_Appear,?Priv_Appear@G_Player@@AAEXH@Z
PUB,.text,0x000353d0,0x004353d0,64,G_Player::Priv_ResetSpriteInfo,?Priv_ResetSpriteInfo@G_Player@@AAEXXZ
PUB,.text,0x00035410,0x00435410,80,G_Player::Priv_SetSpriteFaceAccordingToAirWeapon,?Priv_SetSpriteFaceAccordingToAirWeapon@G_Player@@AAEXXZ
PUB,.text,0x00035460,0x00435460,16,G_Player::Priv_Multiplier_Reset,?Priv_Multiplier_Reset@G_Player@@AAEXXZ
PUB,.text,0x00035470,0x00435470,304,G_Player::Priv_Multiplier_SpawnForCurrentMultiplier,?Priv_Multiplier_SpawnForCurrentMultiplier@G_Player@@AAEXXZ
PUB,.text,0x000355a0,0x004355a0,560,G_Player::Priv_ProcessState,?Priv_ProcessState@G_Player@@AAEXH_N0@Z
PUB,.text,0x000357d0,0x004357d0,992,G_Player::Priv_GetInputs,?Priv_GetInputs@G_Player@@AAEXPAVG_Film@@W4G_Game_Mode@@@Z
PUB,.text,0x00035bb0,0x00435bb0,64,G_PlayerDef_Init,?G_PlayerDef_Init@@YAXXZ
PUB,.text,0x00035bf0,0x00435bf0,64,G_PlayerDef_ShutDown,?G_PlayerDef_ShutDown@@YAXXZ
PUB,.text,0x00035c30,0x00435c30,608,G_PlayerDef_MasterList_Build,?G_PlayerDef_MasterList_Build@@YAX_N@Z
PUB,.text,0x00035e90,0x00435e90,128,G_PlayerDef_MasterList_GetIndexForID,?G_PlayerDef_MasterList_GetIndexForID@@YAHJ@Z
PUB,.text,0x00035f10,0x00435f10,128,G_PlayerDef_MasterList_GetRefPtrForIndex,?G_PlayerDef_MasterList_GetRefPtrForIndex@@YAPAUG_PlayerDef@@H@Z
PUB,.text,0x00035f90,0x00435f90,240,G_PlayerDef_IsUnitReferencedInAnyPlayerDef,?G_PlayerDef_IsUnitReferencedInAnyPlayerDef@@YA_NJ@Z
PUB,.text,0x00036080,0x00436080,736,G_PlayerDef_UnitRefList_GetListForPlayer,?G_PlayerDef_UnitRefList_GetListForPlayer@@YAPAVU_LinkedList@@PAUG_PlayerDef@@@Z
PUB,.text,0x00036360,0x00436360,80,G_PlayerDef_UnitRefList_Dispose,?G_PlayerDef_UnitRefList_Dispose@@YAXPAVU_LinkedList@@@Z
PUB,.text,0x000363b0,0x004363b0,272,G_PlayerDef_LoadResourcesForDef,?G_PlayerDef_LoadResourcesForDef@@YAXPAUG_PlayerDef@@@Z
PUB,.text,0x000364c0,0x004364c0,4368,G_PlayerDef_GetResourceList,?G_PlayerDef_GetResourceList@@YAXPAVU_LinkedList@@W4G_Res_Type@@@Z
PUB,.text,0x000375d0,0x004375d0,352,G_Res_Init,?G_Res_Init@@YAXXZ
PUB,.text,0x00037730,0x00437730,144,G_Res_ShutDown,?G_Res_ShutDown@@YAXXZ
PUB,.text,0x000377c0,0x004377c0,416,G_Res_Load,?G_Res_Load@@YA_NW4G_Res_Type@@JW4G_Res_Useage@@@Z
PUB,.text,0x00037960,0x00437960,224,G_Res_UnloadAll,?G_Res_UnloadAll@@YAXW4G_Res_Type@@@Z
PUB,.text,0x00037a40,0x00437a40,64,G_Res_CanBeLoaded,?G_Res_CanBeLoaded@@YA_NW4G_Res_Type@@J@Z
PUB,.text,0x00037a80,0x00437a80,144,G_Res_IsLoaded,?G_Res_IsLoaded@@YA_NW4G_Res_Type@@J@Z
PUB,.text,0x00037b10,0x00437b10,352,G_Res_LoadPermData,?G_Res_LoadPermData@@YAXXZ
PUB,.text,0x00037c70,0x00437c70,1232,G_Res_LoadPermResources,?G_Res_LoadPermResources@@YAXXZ
PUB,.text,0x00038140,0x00438140,16,G_Res_GetPermObjectID,?G_Res_GetPermObjectID@@YAJH@Z
PUB,.text,0x00038150,0x00438150,16,G_Res_GetPermSpriteID,?G_Res_GetPermSpriteID@@YAJH@Z
PUB,.text,0x00038160,0x00438160,16,G_Res_GetPermSoundID,?G_Res_GetPermSoundID@@YAJH@Z
PUB,.text,0x00038170,0x00438170,64,G_Res_GetPermRect,?G_Res_GetPermRect@@YAXHPAUU_Rect@@@Z
PUB,.text,0x000381b0,0x004381b0,16,G_Res_GetPermFloat,?G_Res_GetPermFloat@@YAMH@Z
PUB,.text,0x000381c0,0x004381c0,3488,G_Res_GetPermGameString,?G_Res_GetPermGameString@@YAPADW4G_Res_PermGameStringIndex@@@Z
PUB,.text,0x00038f60,0x00438f60,1152,G_ScoreBar_Init,?G_ScoreBar_Init@@YAXXZ
PUB,.text,0x000393e0,0x004393e0,64,G_ScoreBar_ShutDown,?G_ScoreBar_ShutDown@@YAXXZ
PUB,.text,0x00039420,0x00439420,688,G_ScoreBar_ResetAtLevelStart,?G_ScoreBar_ResetAtLevelStart@@YAXPAVG_Player@@0@Z
PUB,.text,0x000396d0,0x004396d0,48,G_ScoreBar_SetShieldBarPercentage,?G_ScoreBar_SetShieldBarPercentage@@YAXW4G_Game_PlayerNum@@M@Z
PUB,.text,0x00039700,0x00439700,112,G_ScoreBar_SetPowerBarPercentage,?G_ScoreBar_SetPowerBarPercentage@@YAXW4G_Game_PlayerNum@@M@Z
PUB,.text,0x00039770,0x00439770,816,G_ScoreBar_Process,?G_ScoreBar_Process@@YAXPAVG_Player@@0@Z
PUB,.text,0x00039aa0,0x00439aa0,6336,G_ScoreBar_Draw,?G_ScoreBar_Draw@@YAXXZ
PUB,.text,0x0003b360,0x0043b360,64,G_Scores_IsAHighScore,?G_Scores_IsAHighScore@@YA_NH@Z
PUB,.text,0x0003b3a0,0x0043b3a0,1056,G_Scores_GetPlayerNamesAndDisplay,?G_Scores_GetPlayerNamesAndDisplay@@YAXPAUG_Game_Results@@@Z
PUB,.text,0x0003b7c0,0x0043b7c0,5840,G_Scores_Display,?G_Scores_Display@@YA_NXZ
PUB,.text,0x0003ce90,0x0043ce90,240,G_Text_Init,?G_Text_Init@@YAXXZ
PUB,.text,0x0003cf80,0x0043cf80,48,G_Text_ShutDown,?G_Text_ShutDown@@YAXXZ
PUB,.text,0x0003cfb0,0x0043cfb0,384,G_Text_GetPermTextSetting,?G_Text_GetPermTextSetting@@YAXHPAUG_Text_Settings@@@Z
PUB,.text,0x0003d130,0x0043d130,32,G_Text_AreSpriteResourcesLoaded,?G_Text_AreSpriteResourcesLoaded@@YA_NXZ
PUB,.text,0x0003d150,0x0043d150,336,G_Text_GetRect,?G_Text_GetRect@@YAXPAUG_Text_Settings@@PAUU_Rect@@@Z
PUB,.text,0x0003d2a0,0x0043d2a0,1024,G_Text_Draw,?G_Text_Draw@@YAXPAUG_Text_Settings@@PAUU_Rect@@@Z
PUB,.text,0x0003d6a0,0x0043d6a0,352,G_Text_FadeIn,?G_Text_FadeIn@@YAXPAUG_Text_Settings@@@Z
PUB,.text,0x0003d800,0x0043d800,688,G_Text_DrawList,?G_Text_DrawList@@YAXPAVU_LinkedList@@_N1@Z
PUB,.text,0x0003dab0,0x0043dab0,320,G_Text_List_GetRectForIndex,?G_Text_List_GetRectForIndex@@YAXPAVU_LinkedList@@HPAUU_Rect@@@Z
PUB,.text,0x0003dbf0,0x0043dbf0,1152,G_Text_FadeListIn,?G_Text_FadeListIn@@YAXPAVU_LinkedList@@H@Z
PUB,.text,0x0003e070,0x0043e070,7664,G_Text_FadeListOut,?G_Text_FadeListOut@@YAXPAVU_LinkedList@@H@Z
PUB,.text,0x0003fe60,0x0043fe60,320,G_UnitDef_Init,?G_UnitDef_Init@@YAXXZ
PUB,.text,0x0003ffa0,0x0043ffa0,64,G_UnitDef_ShutDown,?G_UnitDef_ShutDown@@YAXXZ
PUB,.text,0x0003ffe0,0x0043ffe0,864,G_UnitDef_MasterList_Build,?G_UnitDef_MasterList_Build@@YAX_N@Z
PUB,.text,0x00040340,0x00440340,128,G_UnitDef_MasterList_GetRefPtrForID,?G_UnitDef_MasterList_GetRefPtrForID@@YAPAUG_UnitDef@@J@Z
PUB,.text,0x000403c0,0x004403c0,128,G_UnitDef_MasterList_GetRefPtrForIndex,?G_UnitDef_MasterList_GetRefPtrForIndex@@YAPAUG_UnitDef@@H@Z
PUB,.text,0x00040440,0x00440440,224,G_UnitDef_MasterList_GetFamilyPtrForUnitDef,?G_UnitDef_MasterList_GetFamilyPtrForUnitDef@@YAPAUG_UnitDef_Family@@PAUG_UnitDef@@@Z
PUB,.text,0x00040520,0x00440520,192,G_UnitDef_MasterList_GetRefPtrForID_ByFamily,?G_UnitDef_MasterList_GetRefPtrForID_ByFamily@@YAPAUG_UnitDef@@JPAUG_UnitDef_Family@@@Z
PUB,.text,0x000405e0,0x004405e0,640,G_UnitDef_SetToDefaults,?G_UnitDef_SetToDefaults@@YAXPAUG_UnitDef@@@Z
PUB,.text,0x00040860,0x00440860,224,G_UnitDef_SetStateDefaults,?G_UnitDef_SetStateDefaults@@YAXPAUG_UnitDef@@H@Z
PUB,.text,0x00040940,0x00440940,128,G_UnitDef_SpawnSet_SetToDefaults,?G_UnitDef_SpawnSet_SetToDefaults@@YAXPAUG_UnitDef_SpawnSet@@@Z
PUB,.text,0x000409c0,0x004409c0,112,G_UnitDef_ResetResourceLoadingList,?G_UnitDef_ResetResourceLoadingList@@YAXXZ
PUB,.text,0x00040a30,0x00440a30,192,G_UnitDef_LoadResourcesForUnitDefID,?G_UnitDef_LoadResourcesForUnitDefID@@YAXJ@Z
PUB,.text,0x00040af0,0x00440af0,1600,G_UnitDef_LoadResourcesForUnit,?G_UnitDef_LoadResourcesForUnit@@YAXPAUG_UnitDef@@@Z
PUB,.text,0x00041130,0x00441130,944,G_UnitDef_UnitRefList_GetListForUnit,?G_UnitDef_UnitRefList_GetListForUnit@@YAPAVU_LinkedList@@PAUG_UnitDef@@@Z
PUB,.text,0x000414e0,0x004414e0,304,G_UnitDef_IsUnitReferencedInAnyUnitDef,?G_UnitDef_IsUnitReferencedInAnyUnitDef@@YA_NJ@Z
PUB,.text,0x00041610,0x00441610,432,G_UnitDef_GetResourceList,?G_UnitDef_GetResourceList@@YAXPAVU_LinkedList@@W4G_Res_Type@@@Z
PUB,.text,0x000417c0,0x004417c0,13728,G_UnitDef_CheckIntegrity,?G_UnitDef_CheckIntegrity@@YA_NXZ
PUB,.text,0x00044d60,0x00444d60,64,G_WepDef_Init,?G_WepDef_Init@@YAXXZ
PUB,.text,0x00044da0,0x00444da0,64,G_WepDef_ShutDown,?G_WepDef_ShutDown@@YAXXZ
PUB,.text,0x00044de0,0x00444de0,592,G_WepDef_MasterList_Build,?G_WepDef_MasterList_Build@@YAX_N@Z
PUB,.text,0x00045030,0x00445030,128,G_WepDef_MasterList_GetRefPtrForIndex,?G_WepDef_MasterList_GetRefPtrForIndex@@YAPAUG_WepDef@@H@Z
PUB,.text,0x000450b0,0x004450b0,192,G_WepDef_MasterList_GetNextRefPtrByType,?G_WepDef_MasterList_GetNextRefPtrByType@@YAPAUG_WepDef@@W4G_WepDef_Type@@JH@Z
PUB,.text,0x00045170,0x00445170,736,G_WepDef_UnitRefList_GetListForWeapon,?G_WepDef_UnitRefList_GetListForWeapon@@YAPAVU_LinkedList@@PAUG_WepDef@@@Z
PUB,.text,0x00045450,0x00445450,224,G_WepDef_IsUnitReferencedInAnyWepDef,?G_WepDef_IsUnitReferencedInAnyWepDef@@YA_NJ@Z
PUB,.text,0x00045530,0x00445530,80,G_WepDef_UnitRefList_Dispose,?G_WepDef_UnitRefList_Dispose@@YAXPAVU_LinkedList@@@Z
PUB,.text,0x00045580,0x00445580,304,G_WepDef_SetToDefaults,?G_WepDef_SetToDefaults@@YAXPAUG_WepDef@@@Z
PUB,.text,0x000456b0,0x004456b0,80,G_WepDef_LoadResourcesForLevel,?G_WepDef_LoadResourcesForLevel@@YAXH@Z
PUB,.text,0x00045700,0x00445700,5504,G_WepDef_GetResourceList,?G_WepDef_GetResourceList@@YAXPAVU_LinkedList@@W4G_Res_Type@@@Z
PUB,.text,0x00046c80,0x00446c80,128,G_WeaponHandler::G_WeaponHandler,??0G_WeaponHandler@@QAE@XZ
PUB,.text,0x00046d00,0x00446d00,96,G_WeaponHandler::~G_WeaponHandler,??1G_WeaponHandler@@QAE@XZ
PUB,.text,0x00046d60,0x00446d60,480,G_WeaponHandler::SetUpAtNewGameStart,?SetUpAtNewGameStart@G_WeaponHandler@@QAEXW4G_Game_PlayerNum@@HH@Z
PUB,.text,0x00046f40,0x00446f40,464,G_WeaponHandler::SetUpForAppearance,?SetUpForAppearance@G_WeaponHandler@@QAEX_N@Z
PUB,.text,0x00047110,0x00447110,400,G_WeaponHandler::ChangeWeapon,?ChangeWeapon@G_WeaponHandler@@QAEXW4G_WepDef_Type@@PAUG_WepDef@@@Z
PUB,.text,0x000472a0,0x004472a0,64,G_WeaponHandler::GetCurrentPermWeaponRefPtr,?GetCurrentPermWeaponRefPtr@G_WeaponHandler@@QAEPAUG_WepDef@@W4G_WepDef_Type@@@Z
PUB,.text,0x000472e0,0x004472e0,1552,G_WeaponHandler::Process,?Process@G_WeaponHandler@@QAE?AW4G_WepHandler_Result@@PAUU_Utils_Vector@@_N11HPA_N@Z
PUB,.text,0x000478f0,0x004478f0,80,G_WeaponHandler::Crosshair_Hilite,?Crosshair_Hilite@G_WeaponHandler@@QAEX_N@Z
PUB,.text,0x00047940,0x00447940,32,G_WeaponHandler::UpdateLoc,?UpdateLoc@G_WeaponHandler@@QAEXPAUU_Utils_Vector@@@Z
PUB,.text,0x00047960,0x00447960,16,G_WeaponHandler::AirPowerup_GetPercentage,?AirPowerup_GetPercentage@G_WeaponHandler@@QAEMXZ
PUB,.text,0x00047970,0x00447970,16,G_WeaponHandler::AirWeapon_HasChanged,?AirWeapon_HasChanged@G_WeaponHandler@@QAE_NXZ
PUB,.text,0x00047980,0x00447980,320,G_WeaponHandler::AirWeapon_GetScoreBarInfo,?AirWeapon_GetScoreBarInfo@G_WeaponHandler@@QAEXPAUG_WepHandler_ScoreBarInfo@@@Z
PUB,.text,0x00047ac0,0x00447ac0,16,G_WeaponHandler::AirWeapon_GetCurrentOrQueuedWeaponRefPtr,?AirWeapon_GetCurrentOrQueuedWeaponRefPtr@G_WeaponHandler@@QAEPAUG_WepDef@@XZ
PUB,.text,0x00047ad0,0x00447ad0,32,G_WeaponHandler::BuildDrawList,?BuildDrawList@G_WeaponHandler@@QAEXXZ
PUB,.text,0x00047af0,0x00447af0,384,G_WeaponHandler::LogWeapons,?LogWeapons@G_WeaponHandler@@QAEXXZ
PUB,.text,0x00047c70,0x00447c70,240,G_WeaponHandler::Priv_CheckSpawning_Ground,?Priv_CheckSpawning_Ground@G_WeaponHandler@@AAE_NH@Z
PUB,.text,0x00047d60,0x00447d60,80,G_WeaponHandler::Priv_CheckSpawning_Air,?Priv_CheckSpawning_Air@G_WeaponHandler@@AAE_NH@Z
PUB,.text,0x00047db0,0x00447db0,160,G_WeaponHandler::Priv_CheckSpawning_Auxilary,?Priv_CheckSpawning_Auxilary@G_WeaponHandler@@AAE_NH@Z
PUB,.text,0x00047e50,0x00447e50,944,G_WeaponHandler::Priv_AirPowerup_Process,?Priv_AirPowerup_Process@G_WeaponHandler@@AAEXHPAUU_Utils_Vector@@PAUG_WepDef@@PAW4G_WepHandler_Result@@@Z
PUB,.text,0x00048200,0x00448200,592,G_WeaponHandler::Priv_Spawn_Ground,?Priv_Spawn_Ground@G_WeaponHandler@@AAEXPAUU_Utils_Vector@@@Z
PUB,.text,0x00048450,0x00448450,320,G_WeaponHandler::Priv_Spawn_Air,?Priv_Spawn_Air@G_WeaponHandler@@AAEXPAUU_Utils_Vector@@@Z
PUB,.text,0x00048590,0x00448590,400,G_WeaponHandler::Priv_Spawn_Auxilary,?Priv_Spawn_Auxilary@G_WeaponHandler@@AAEXPAUU_Utils_Vector@@@Z
PUB,.text,0x00048720,0x00448720,144,G_WeaponHandler::Priv_WeaponInfoList_RemoveObjects,?Priv_WeaponInfoList_RemoveObjects@G_WeaponHandler@@AAEXPAVU_LinkedList@@@Z
PUB,.text,0x000487b0,0x004487b0,1072,G_WeaponHandler::Priv_WeaponInfoList_GetPtrToWeaponInfo,?Priv_WeaponInfoList_GetPtrToWeaponInfo@G_WeaponHandler@@AAEPAUPriv_WeaponInfo@1@PAVU_LinkedList@@J@Z
PUB,.text,0x00048be0,0x00448be0,16,U_Window::U_Window,??0U_Window@@QAE@XZ
PUB,.text,0x00048bf0,0x00448bf0,32,U_Window::~U_Window,??1U_Window@@QAE@XZ
PUB,.text,0x00048c10,0x00448c10,80,U_Window::Create,?Create@U_Window@@QAEXPAUU_Rect@@_N@Z
PUB,.text,0x00048c60,0x00448c60,16,U_Window::Dispose,?Dispose@U_Window@@QAEXXZ
PUB,.text,0x00048c70,0x00448c70,16,U_Window::CacheScreenBitMap,?CacheScreenBitMap@U_Window@@QAEXXZ
PUB,.text,0x00048c80,0x00448c80,16,U_Window::SetTo,?SetTo@U_Window@@QAEXXZ
PUB,.text,0x00048c90,0x00448c90,16,U_Window::Hide,?Hide@U_Window@@QAEXXZ
PUB,.text,0x00048ca0,0x00448ca0,16,U_Window::Show,?Show@U_Window@@QAEXXZ
PUB,.text,0x00048cb0,0x00448cb0,16,U_Window::Paint,?Paint@U_Window@@QAEXXZ
PUB,.text,0x00048cc0,0x00448cc0,16,U_Window::SetGameMode,?SetGameMode@U_Window@@QAEX_N@Z
PUB,.text,0x00048cd0,0x00448cd0,640,U_Window::CopyToWindow,?CopyToWindow@U_Window@@QAEXPAVU_PixelBuffer@@PAUU_Rect@@1_N@Z
PUB,.text,0x00048f50,0x00448f50,256,U_Configuration_Configure,?U_Configuration_Configure@@YAXAAUU_Prefs@@_N@Z
PUB,.text,0x00049050,0x00449050,2400,PrefDlgProc,?PrefDlgProc@@YGHPAUHWND__@@IIJ@Z
PUB,.text,0x000499b0,0x004499b0,464,U_Controls_Configure,?U_Controls_Configure@@YA_NPAUU_Prefs_PlayerControlCodes@@0@Z
PUB,.text,0x00049b80,0x00449b80,672,U_Controls_ConfigureJoypad,?U_Controls_ConfigureJoypad@@YA_NPAUU_Prefs_PlayerControlCodesJoypad@@0@Z
PUB,.text,0x00049e20,0x00449e20,112,JoyTimerCallback,?JoyTimerCallback@@YGXIIKKK@Z
PUB,.text,0x00049e90,0x00449e90,192,KeyFilterFunc,?KeyFilterFunc@@YGJHIJ@Z
PUB,.text,0x00049f50,0x00449f50,720,JoyPrefDlgProc,?JoyPrefDlgProc@@YGHPAUHWND__@@IIJ@Z
PUB,.text,0x0004a220,0x0044a220,4272,KeyPrefDlgProc,?KeyPrefDlgProc@@YGHPAUHWND__@@IIJ@Z
PUB,.text,0x0004b2d0,0x0044b2d0,96,U_Display::U_Display,??0U_Display@@QAE@XZ
PUB,.text,0x0004b330,0x0044b330,16,U_Display::~U_Display,??1U_Display@@QAE@XZ
PUB,.text,0x0004b340,0x0044b340,96,U_Display::GetPermanentBufferPtr,?GetPermanentBufferPtr@U_Display@@QAEPAVU_PixelBuffer@@W4U_Display_BufferID@@@Z
PUB,.text,0x0004b3a0,0x0044b3a0,16,U_Display::CanBeResized,?CanBeResized@U_Display@@QAE_NXZ
PUB,.text,0x0004b3b0,0x0044b3b0,1984,U_Display::Init,?Init@U_Display@@QAEXKKK_N@Z
PUB,.text,0x0004bb70,0x0044bb70,256,U_Display::ShutDown,?ShutDown@U_Display@@QAEXXZ
PUB,.text,0x0004bc70,0x0044bc70,16,U_Display::IsInitialised,?IsInitialised@U_Display@@QAE_NXZ
PUB,.text,0x0004bc80,0x0044bc80,16,U_Display::Menubar_Hide,?Menubar_Hide@U_Display@@QAEXXZ
PUB,.text,0x0004bc90,0x0044bc90,16,U_Display::Menubar_Show,?Menubar_Show@U_Display@@QAEXXZ
PUB,.text,0x0004bca0,0x0044bca0,16,U_Display::Menubar_IsVisible,?Menubar_IsVisible@U_Display@@QAE_NXZ
PUB,.text,0x0004bcb0,0x0044bcb0,48,U_Display::Menubar_GetRect,?Menubar_GetRect@U_Display@@QAEXPAUU_Rect@@@Z
PUB,.text,0x0004bce0,0x0044bce0,48,U_Display::Cursor_Hide,?Cursor_Hide@U_Display@@QAEXXZ
PUB,.text,0x0004bd10,0x0044bd10,48,U_Display::Cursor_Show,?Cursor_Show@U_Display@@QAEXXZ
PUB,.text,0x0004bd40,0x0044bd40,32,U_Display::Cursor_SetToWatch,?Cursor_SetToWatch@U_Display@@QAEXXZ
PUB,.text,0x0004bd60,0x0044bd60,48,U_Display::Cursor_Reset,?Cursor_Reset@U_Display@@QAEXXZ
PUB,.text,0x0004bd90,0x0044bd90,48,U_Display::Suspend,?Suspend@U_Display@@QAEXXZ
PUB,.text,0x0004bdc0,0x0044bdc0,16,U_Display::Resume,?Resume@U_Display@@QAEXXZ
PUB,.text,0x0004bdd0,0x0044bdd0,96,U_Display::CopyBufferToWindow,?CopyBufferToWindow@U_Display@@QAEXPAVU_PixelBuffer@@PAUU_Rect@@1@Z
PUB,.text,0x0004be30,0x0044be30,288,U_Display::CopyGameAreaToDisplay,?CopyGameAreaToDisplay@U_Display@@QAEXXZ
PUB,.text,0x0004bf50,0x0044bf50,336,U_Display::CopyFrontBufferToDisplay,?CopyFrontBufferToDisplay@U_Display@@QAEXXZ
PUB,.text,0x0004c0a0,0x0044c0a0,512,U_Display::UpdateDisplayWhenGamePaused,?UpdateDisplayWhenGamePaused@U_Display@@QAEXXZ
PUB,.text,0x0004c2a0,0x0044c2a0,48,U_Display::Window_SetTo,?Window_SetTo@U_Display@@QAEXXZ
PUB,.text,0x0004c2d0,0x0044c2d0,48,U_Display::GetScreenGameRect,?GetScreenGameRect@U_Display@@QAEXPAUU_Rect@@@Z
PUB,.text,0x0004c300,0x0044c300,48,U_Display::GetFrontScorebarRect,?GetFrontScorebarRect@U_Display@@QAEXPAUU_Rect@@@Z
PUB,.text,0x0004c330,0x0044c330,48,U_Display::GetScreenScorebarRect,?GetScreenScorebarRect@U_Display@@QAEXPAUU_Rect@@@Z
PUB,.text,0x0004c360,0x0044c360,32,U_Display::ConvertFrontBufferRectToWindow,?ConvertFrontBufferRectToWindow@U_Display@@QAEXPAUU_Rect@@@Z
PUB,.text,0x0004c380,0x0044c380,48,U_Display::EnterGameMode,?EnterGameMode@U_Display@@QAEXXZ
PUB,.text,0x0004c3b0,0x0044c3b0,32,U_Display::ExitGameMode,?ExitGameMode@U_Display@@QAEXXZ
PUB,.text,0x0004c3d0,0x0044c3d0,16,U_Display::Fade,?Fade@U_Display@@QAEXXZ
PUB,.text,0x0004c3e0,0x0044c3e0,16,U_Display::Unfade,?Unfade@U_Display@@QAEXXZ
PUB,.text,0x0004c3f0,0x0044c3f0,720,U_Display::DrawBlackBorders,?DrawBlackBorders@U_Display@@QAEXXZ
PUB,.text,0x0004c6c0,0x0044c6c0,944,Pub_WinSetDisplayToSize,?Pub_WinSetDisplayToSize@@YAX_N@Z
PUB,.text,0x0004ca70,0x0044ca70,304,Platform_Error_Report,?Platform_Error_Report@@YAXPBD0_N@Z
PUB,.text,0x0004cba0,0x0044cba0,944,U_Image_LoadInBuffer,?U_Image_LoadInBuffer@@YA_NJPAVU_PixelBuffer@@W4U_Image_Type@@@Z
PUB,.text,0x0004cf50,0x0044cf50,880,U_Image_GetPixelBuffer,?U_Image_GetPixelBuffer@@YAPAVU_PixelBuffer@@JHW4U_Image_Type@@@Z
PUB,.text,0x0004d2c0,0x0044d2c0,96,U_Mem_Init,?U_Mem_Init@@YAXXZ
PUB,.text,0x0004d320,0x0044d320,128,U_Mem_ShutDown,?U_Mem_ShutDown@@YAXXZ
PUB,.text,0x0004d3a0,0x0044d3a0,160,U_Mem_Ptr_New,?U_Mem_Ptr_New@@YAPAEH_N@Z
PUB,.text,0x0004d440,0x0044d440,96,U_Mem_Ptr_Dispose,?U_Mem_Ptr_Dispose@@YAXPAE@Z
PUB,.text,0x0004d4a0,0x0044d4a0,32,U_Mem_Ptr_GetSize,?U_Mem_Ptr_GetSize@@YAHPAE@Z
PUB,.text,0x0004d4c0,0x0044d4c0,16,GetAPointerSize,_GetAPointerSize
PUB,.text,0x0004d4d0,0x0044d4d0,128,U_Mem_Handle_New,?U_Mem_Handle_New@@YAPAPAEH_N0@Z
PUB,.text,0x0004d550,0x0044d550,48,U_Mem_Handle_Dispose,?U_Mem_Handle_Dispose@@YAXPAPAE@Z
PUB,.text,0x0004d580,0x0044d580,32,U_Mem_Handle_GetSize,?U_Mem_Handle_GetSize@@YAHPAPAE@Z
PUB,.text,0x0004d5a0,0x0044d5a0,32,U_Mem_Handle_Lock,?U_Mem_Handle_Lock@@YAXPAPAE@Z
PUB,.text,0x0004d5c0,0x0044d5c0,48,U_Mem_Copy,?U_Mem_Copy@@YAXPAXPBXH@Z
PUB,.text,0x0004d5f0,0x0044d5f0,32,U_Mem_Clear,?U_Mem_Clear@@YAXPAXH@Z
PUB,.text,0x0004d610,0x0044d610,48,U_Mem_Set,?U_Mem_Set@@YAXPAXHH@Z
PUB,.text,0x0004d640,0x0044d640,16,U_Mem_GetFreeMem,?U_Mem_GetFreeMem@@YAHXZ
PUB,.text,0x0004d650,0x0044d650,96,U_Mem_LogAvailable,?U_Mem_LogAvailable@@YAXPBD@Z
PUB,.text,0x0004d6b0,0x0044d6b0,128,U_Music_Init,?U_Music_Init@@YAXH@Z
PUB,.text,0x0004d730,0x0044d730,80,U_Music_ShutDown,?U_Music_ShutDown@@YAXXZ
PUB,.text,0x0004d780,0x0044d780,16,U_Music_Process,?U_Music_Process@@YAXXZ
PUB,.text,0x0004d790,0x0044d790,16,U_Music_IsPlaying,?U_Music_IsPlaying@@YA_NXZ
PUB,.text,0x0004d7a0,0x0044d7a0,464,U_Music_LoadAndPlay,?U_Music_LoadAndPlay@@YAXJ_N0@Z
PUB,.text,0x0004d970,0x0044d970,144,U_Music_Unload,?U_Music_Unload@@YAX_N@Z
PUB,.text,0x0004da00,0x0044da00,32,U_Music_IsLoaded,?U_Music_IsLoaded@@YA_NXZ
PUB,.text,0x0004da20,0x0044da20,48,U_Music_Pause,?U_Music_Pause@@YAX_N@Z
PUB,.text,0x0004da50,0x0044da50,656,U_Music_SetVolumeAccordingToPrefs,?U_Music_SetVolumeAccordingToPrefs@@YAXXZ
PUB,.text,0x0004dce0,0x0044dce0,720,U_Pixel16_HTMLStringToPixel16,?U_Pixel16_HTMLStringToPixel16@@YA_NPBDPAG@Z
PUB,.text,0x0004dfb0,0x0044dfb0,48,U_Pixel16_RGBToPixel16,?U_Pixel16_RGBToPixel16@@YAGPAUU_Utils_Color_RGB@@@Z
PUB,.text,0x0004dfe0,0x0044dfe0,48,U_Pixel16_RGBToPixel16,?U_Pixel16_RGBToPixel16@@YAGJJJ@Z
PUB,.text,0x0004e010,0x0044e010,144,U_Pixel16_ConvertVisibilityPercentToBlendAmount,?U_Pixel16_ConvertVisibilityPercentToBlendAmount@@YAKH@Z
PUB,.text,0x0004e0a0,0x0044e0a0,32,U_PixelBuffer::U_PixelBuffer,??0U_PixelBuffer@@QAE@XZ
PUB,.text,0x0004e0c0,0x0044e0c0,80,U_PixelBuffer::U_PixelBuffer,??0U_PixelBuffer@@QAE@HHH_N@Z
PUB,.text,0x0004e110,0x0044e110,80,U_PixelBuffer::Reset,?Reset@U_PixelBuffer@@IAEXXZ
PUB,.text,0x0004e160,0x0044e160,32,U_PixelBuffer::~U_PixelBuffer,??1U_PixelBuffer@@QAE@XZ
PUB,.text,0x0004e180,0x0044e180,320,U_PixelBuffer::Create,?Create@U_PixelBuffer@@QAEXHHH_N@Z
PUB,.text,0x0004e2c0,0x0044e2c0,128,U_PixelBuffer::Dispose,?Dispose@U_PixelBuffer@@QAEXXZ
PUB,.text,0x0004e340,0x0044e340,192,U_PixelBuffer::Resize,?Resize@U_PixelBuffer@@QAEXHHH@Z
PUB,.text,0x0004e400,0x0044e400,64,U_PixelBuffer::SetTo,?SetTo@U_PixelBuffer@@QAEXXZ
PUB,.text,0x0004e440,0x0044e440,96,U_PixelBuffer::Erase,?Erase@U_PixelBuffer@@QAEXXZ
PUB,.text,0x0004e4a0,0x0044e4a0,160,U_PixelBuffer::Paint,?Paint@U_PixelBuffer@@QAEXUU_Utils_Color_RGB@@@Z
PUB,.text,0x0004e540,0x0044e540,448,U_PixelBuffer::CopyTo,?CopyTo@U_PixelBuffer@@QAEXPAV1@PAUU_Rect@@1_N@Z
PUB,.text,0x0004e700,0x0044e700,576,U_PixelBuffer::CopyToTranslucent,?CopyToTranslucent@U_PixelBuffer@@QAEXPAV1@HPAUU_Rect@@1@Z
PUB,.text,0x0004e940,0x0044e940,160,U_PixelBuffer::CopyToCentered,?CopyToCentered@U_PixelBuffer@@QAEXPAV1@PAUU_Rect@@_N@Z
PUB,.text,0x0004e9e0,0x0044e9e0,80,U_PixelBuffer::GetInfo,?GetInfo@U_PixelBuffer@@QAEXPAH00PAJ1@Z
PUB,.text,0x0004ea30,0x0044ea30,32,U_PixelBuffer::GetDimensions,?GetDimensions@U_PixelBuffer@@QAEXPAH0@Z
PUB,.text,0x0004ea50,0x0044ea50,96,U_PixelBuffer::GetPixelInfo,?GetPixelInfo@U_PixelBuffer@@QAEXPAJ0@Z
PUB,.text,0x0004eab0,0x0044eab0,16,U_PixelBuffer::GetDepth,?GetDepth@U_PixelBuffer@@QAEHXZ
PUB,.text,0x0004eac0,0x0044eac0,48,U_PixelBuffer::GetBounds,?GetBounds@U_PixelBuffer@@QAEXPAUU_Rect@@@Z
PUB,.text,0x0004eaf0,0x0044eaf0,16,U_PixelBuffer::GetRect,?GetRect@U_PixelBuffer@@QAEPAUU_Rect@@XZ
PUB,.text,0x0004eb00,0x0044eb00,48,U_PixelBuffer::GetWinBuffer,?GetWinBuffer@U_PixelBuffer@@QAEPAUCGrafPort@@XZ
PUB,.text,0x0004eb30,0x0044eb30,480,U_PixelBuffer::EndianSwap,?EndianSwap@U_PixelBuffer@@QAEXXZ
PUB,.text,0x0004ed10,0x0044ed10,16,U_Registration::U_Registration,??0U_Registration@@QAE@XZ
PUB,.text,0x0004ed20,0x0044ed20,16,U_Registration::~U_Registration,??1U_Registration@@QAE@XZ
PUB,.text,0x0004ed30,0x0044ed30,176,U_Registration::Init,?Init@U_Registration@@QAEXXZ
PUB,.text,0x0004ede0,0x0044ede0,64,U_Registration::ShutDown,?ShutDown@U_Registration@@QAEXXZ
PUB,.text,0x0004ee20,0x0044ee20,80,U_Registration::DisplayNotice,?DisplayNotice@U_Registration@@QAEX_N@Z
PUB,.text,0x0004ee70,0x0044ee70,16,U_Registration::Process,?Process@U_Registration@@QAEXXZ
PUB,.text,0x0004ee80,0x0044ee80,256,U_Registration::FormatDisplayString,?FormatDisplayString@U_Registration@@QAEXPAD@Z
PUB,.text,0x0004ef80,0x0044ef80,496,U_Registration::Is,?Is@U_Registration@@QAE_NXZ
PUB,.text,0x0004f170,0x0044f170,336,U_Sound_Init,?U_Sound_Init@@YAXH@Z
PUB,.text,0x0004f2c0,0x0044f2c0,160,U_Sound_ShutDown,?U_Sound_ShutDown@@YAXXZ
PUB,.text,0x0004f360,0x0044f360,352,U_Sound_Load,?U_Sound_Load@@YA_NJ@Z
PUB,.text,0x0004f4c0,0x0044f4c0,144,U_Sound_UnloadAll,?U_Sound_UnloadAll@@YAXXZ
PUB,.text,0x0004f550,0x0044f550,160,U_Sound_Unload,?U_Sound_Unload@@YAXJ@Z
PUB,.text,0x0004f5f0,0x0044f5f0,112,U_Sound_Play,?U_Sound_Play@@YAXPAUU_Sound_Settings@@_N@Z
PUB,.text,0x0004f660,0x0044f660,64,U_Sound_Play,?U_Sound_Play@@YAXJW4U_Sound_Priority@@H_N@Z
PUB,.text,0x0004f6a0,0x0044f6a0,48,U_Sound_StopAll,?U_Sound_StopAll@@YAXXZ
PUB,.text,0x0004f6d0,0x0044f6d0,160,U_Sound_IsPlaying,?U_Sound_IsPlaying@@YA_NJ@Z
PUB,.text,0x0004f770,0x0044f770,256,U_Sound_CheckIntegrity,?U_Sound_CheckIntegrity@@YA_NXZ
PUB,.text,0x0004f870,0x0044f870,16,U_Sound_IsAvailable,?U_Sound_IsAvailable@@YA_NXZ
PUB,.text,0x0004f880,0x0044f880,64,U_Sound_SetSoundAndMusicVolumesAccordingToPrefs,?U_Sound_SetSoundAndMusicVolumesAccordingToPrefs@@YAXXZ
PUB,.text,0x0004f8c0,0x0044f8c0,128,U_Sound_ReduceVolume,?U_Sound_ReduceVolume@@YAHXZ
PUB,.text,0x0004f940,0x0044f940,144,U_Sound_IncreaseVolume,?U_Sound_IncreaseVolume@@YAHXZ
PUB,.text,0x0004f9d0,0x0044f9d0,16,U_Sound_SetVolumeOnSuspend,?U_Sound_SetVolumeOnSuspend@@YAXXZ
PUB,.text,0x0004f9e0,0x0044f9e0,1408,U_Sound_SetVolumeOnResume,?U_Sound_SetVolumeOnResume@@YAXXZ
PUB,.text,0x0004ff60,0x0044ff60,128,U_App_Init,?U_App_Init@@YAXXZ
PUB,.text,0x0004ffe0,0x0044ffe0,64,U_App_ShutDown,?U_App_ShutDown@@YAXXZ
PUB,.text,0x00050020,0x00450020,16,U_App_ChangeFileTypeAndCreator,?U_App_ChangeFileTypeAndCreator@@YA_NPBDJJ@Z
PUB,.text,0x00050030,0x00450030,192,U_App_ConstructPath,?U_App_ConstructPath@@YAXPBD0PAD_N@Z
PUB,.text,0x000500f0,0x004500f0,176,U_App_GetFileNameInFolder,?U_App_GetFileNameInFolder@@YA_NPBDKPAD@Z
PUB,.text,0x000501a0,0x004501a0,32,U_App_Event_GetNext,?U_App_Event_GetNext@@YAHPAD@Z
PUB,.text,0x000501c0,0x004501c0,80,U_App_Event_GetNext_Fast,?U_App_Event_GetNext_Fast@@YAHPAD@Z
PUB,.text,0x00050210,0x00450210,16,U_App_Event_Clear,?U_App_Event_Clear@@YAXXZ
PUB,.text,0x00050220,0x00450220,32,U_App_Event_MouseDown,?U_App_Event_MouseDown@@YA_NXZ
PUB,.text,0x00050240,0x00450240,32,U_App_Event_MouseStillDown,?U_App_Event_MouseStillDown@@YA_NXZ
PUB,.text,0x00050260,0x00450260,32,U_App_Event_GetMouseLoc,?U_App_Event_GetMouseLoc@@YAXPAUU_Utils_IntVector@@@Z
PUB,.text,0x00050280,0x00450280,256,U_App_Event_ProcessNext,?U_App_Event_ProcessNext@@YA?AW4U_App_Event_Result@@_NPAW4U_App_MenuBar_Result@@PAW4U_App_Mouse_Result@@PADPAUU_Utils_IntVector@@@Z
PUB,.text,0x00050380,0x00450380,80,DRKeyboardKbhit,?DRKeyboardKbhit@@YAXXZ
PUB,.text,0x000503d0,0x004503d0,160,U_App_Event_IsKeyDown,?U_App_Event_IsKeyDown@@YA_NH@Z
PUB,.text,0x00050470,0x00450470,16,U_App_MenuBar_Load,?U_App_MenuBar_Load@@YAXXZ
PUB,.text,0x00050480,0x00450480,16,U_App_MenuBar_EnableCustom,?U_App_MenuBar_EnableCustom@@YAX_N@Z
PUB,.text,0x00050490,0x00450490,384,U_App_Log_Start,?U_App_Log_Start@@YAXPBD0@Z
PUB,.text,0x00050610,0x00450610,176,U_App_Log,?U_App_Log@@YAXPBDZZ
PUB,.text,0x000506c0,0x004506c0,48,U_App_LaunchURL,?U_App_LaunchURL@@YA_NPBD@Z
PUB,.text,0x000506f0,0x004506f0,32,U_App_GetAppName,?U_App_GetAppName@@YAXPAD@Z
PUB,.text,0x00050710,0x00450710,16,U_App_GetMenuBarHeight,?U_App_GetMenuBarHeight@@YAHXZ
PUB,.text,0x00050720,0x00450720,80,U_App_GetTickCount,?U_App_GetTickCount@@YAKXZ
PUB,.text,0x00050770,0x00450770,176,U_App_Wait,?U_App_Wait@@YAXK@Z
PUB,.text,0x00050820,0x00450820,32,U_App_Cursor_Normal,?U_App_Cursor_Normal@@YAXXZ
PUB,.text,0x00050840,0x00450840,528,U_App_Dlg_Std2Option,?U_App_Dlg_Std2Option@@YA_NPBD000_N@Z
PUB,.text,0x00050a50,0x00450a50,368,Unzip_GetNextEntryInfo,?Unzip_GetNextEntryInfo@@YA_NPAU_Unzip_ZipFile@@PAUUnzip_EntryInfo@@@Z
PUB,.text,0x00050bc0,0x00450bc0,1232,Unzip_Open,?Unzip_Open@@YAPAU_Unzip_ZipFile@@PBD@Z
PUB,.text,0x00051090,0x00451090,576,Unzip_Read,?Unzip_Read@@YAPAUUnzip_ZipEntryS@@PAU_Unzip_ZipFile@@@Z
PUB,.text,0x000512d0,0x004512d0,112,Unzip_Close,?Unzip_Close@@YAXPAU_Unzip_ZipFile@@@Z
PUB,.text,0x00051340,0x00451340,1152,Unzip_SeekToCompressedData,?Unzip_SeekToCompressedData@@YAHPAU_Unzip_ZipFile@@PAUUnzip_ZipEntryS@@@Z
PUB,.text,0x000517c0,0x004517c0,1568,MyTaskKeyHookLL,?MyTaskKeyHookLL@@YGJHIJ@Z
PUB,.text,0x00051de0,0x00451de0,2240,WinMain@16,_WinMain@16
PUB,.text,0x000526a0,0x004526a0,1280,Main_Exit,?Main_Exit@@YAXXZ
PUB,.text,0x00052ba0,0x00452ba0,192,Win_SmartNewGWorld,?Win_SmartNewGWorld@@YAPAUCGrafPort@@PBURect@@HPAPAUColorTable@@_N@Z
PUB,.text,0x00052c60,0x00452c60,1056,Win_BlitInterlaced,?Win_BlitInterlaced@@YAXPAUBitMap@@0PBURect@@1PAK@Z
PUB,.text,0x00053080,0x00453080,32,SSP_Open,?SSP_Open@@YAFXZ
PUB,.text,0x000530a0,0x004530a0,48,SSP_Idle,?SSP_Idle@@YAXXZ
PUB,.text,0x000530d0,0x004530d0,32,SSP_Close,?SSP_Close@@YAXXZ
PUB,.text,0x000530f0,0x004530f0,64,SSP_LoadMusicPtr,?SSP_LoadMusicPtr@@YAFPAEKKKP6AXXZEE@Z
PUB,.text,0x00053130,0x00453130,32,SSP_UnloadMusic,?SSP_UnloadMusic@@YAXXZ
PUB,.text,0x00053150,0x00453150,16,SSP_IsMusicLoaded,?SSP_IsMusicLoaded@@YAEXZ
PUB,.text,0x00053160,0x00453160,32,SSP_PauseMusic,?SSP_PauseMusic@@YAXXZ
PUB,.text,0x00053180,0x00453180,32,SSP_UnpauseMusic,?SSP_UnpauseMusic@@YAXXZ
PUB,.text,0x000531a0,0x004531a0,144,SSP_SetMusicVolume,?SSP_SetMusicVolume@@YAXG@Z
PUB,.text,0x00053230,0x00453230,16,SSP_FadeMusicDown,?SSP_FadeMusicDown@@YAXK@Z
PUB,.text,0x00053240,0x00453240,4656,SSP_IsMusicFading,?SSP_IsMusicFading@@YAEXZ
PUB,.text,0x00054470,0x00454470,288,adpcm_decoder,?adpcm_decoder@@YAXPAEPAFHPAUadpcm_state@@@Z
PUB,.text,0x00054590,0x00454590,7024,ZADPCMDecodeBlock,?ZADPCMDecodeBlock@@YAIPAUADPCMUnpackState_t@@@Z
PUB,.text,0x00056100,0x00456100,48,FileWrite,___FileWrite
PUB,.text,0x00056130,0x00456130,64,StringWrite,___StringWrite
PUB,.text,0x00056170,0x00456170,112,fprintf,_fprintf
PUB,.text,0x000561e0,0x004561e0,80,vsnprintf,_vsnprintf
PUB,.text,0x00056230,0x00456230,32,vsprintf,_vsprintf
PUB,.text,0x00056250,0x00456250,48,sprintf,_sprintf
PUB,.text,0x00056280,0x00456280,32,strlen,_strlen
PUB,.text,0x000562a0,0x004562a0,32,strcpy,_strcpy
PUB,.text,0x000562c0,0x004562c0,64,strncpy,_strncpy
PUB,.text,0x00056300,0x00456300,48,strcat,_strcat
PUB,.text,0x00056330,0x00456330,64,strcmp,_strcmp
PUB,.text,0x00056370,0x00456370,48,strchr,_strchr
PUB,.text,0x000563a0,0x004563a0,304,strtok,_strtok
PUB,.text,0x000564d0,0x004564d0,112,strstr,_strstr
PUB,.text,0x00056540,0x00456540,32,remove,_remove
PUB,.text,0x00056560,0x00456560,128,fclose,_fclose
PUB,.text,0x000565e0,0x004565e0,224,fflush,_fflush
PUB,.text,0x000566c0,0x004566c0,64,fopen,_fopen
PUB,.text,0x00056700,0x00456700,192,freopen,_freopen
PUB,.text,0x000567c0,0x004567c0,320,get_file_modes,___get_file_modes
PUB,.text,0x00056900,0x00456900,64,msl_strdup,___msl_strdup
PUB,.text,0x00056940,0x00456940,64,fread,_fread
PUB,.text,0x00056980,0x00456980,688,fread,___fread
PUB,.text,0x00056c30,0x00456c30,64,fwrite,_fwrite
PUB,.text,0x00056c70,0x00456c70,656,fwrite,___fwrite
PUB,.text,0x00056f00,0x00456f00,144,ftell,__ftell
PUB,.text,0x00056f90,0x00456f90,48,ftell,_ftell
PUB,.text,0x00056fc0,0x00456fc0,48,fgetpos,_fgetpos
PUB,.text,0x00056ff0,0x00456ff0,240,fseek,__fseek
PUB,.text,0x000570e0,0x004570e0,48,fseek,_fseek
PUB,.text,0x00057110,0x00457110,16,SwapULong,_SwapULong
PUB,.text,0x00057120,0x00457120,16,SwapShort,_SwapShort
PUB,.text,0x00057130,0x00457130,144,FastStrLen,_FastStrLen
PUB,.text,0x000571c0,0x004571c0,128,2@YAPAXI@Z,??2@YAPAXI@Z
PUB,.text,0x00057240,0x00457240,16,1exception@std@@UAE@XZ,??1exception@std@@UAE@XZ
PUB,.text,0x00057250,0x00457250,16,1bad_alloc@std@@UAE@XZ,??1bad_alloc@std@@UAE@XZ
PUB,.text,0x00057260,0x00457260,80,Ebad_alloc@std@@UAE@I@Z,??_Ebad_alloc@std@@UAE@I@Z
PUB,.text,0x000572b0,0x004572b0,16,what@bad_alloc@std@@UBEPBDXZ,?what@bad_alloc@std@@UBEPBDXZ
PUB,.text,0x000572c0,0x004572c0,80,Eexception@std@@UAE@I@Z,??_Eexception@std@@UAE@I@Z
PUB,.text,0x00057310,0x00457310,16,what@exception@std@@UBEPBDXZ,?what@exception@std@@UBEPBDXZ
PUB,.text,0x00057320,0x00457320,48,3@YAXPAX@Z,??3@YAXPAX@Z
PUB,.text,0x00057350,0x00457350,16,rint,_rint
PUB,.text,0x00057360,0x00457360,32,ldexp,_ldexp
PUB,.text,0x00057380,0x00457380,16,fabs,_fabs
PUB,.text,0x00057390,0x00457390,16,atan,_atan
PUB,.text,0x000573a0,0x004573a0,32,cos,_cos
PUB,.text,0x000573c0,0x004573c0,32,sin,_sin
PUB,.text,0x000573e0,0x004573e0,64,sqrt,_sqrt
PUB,.text,0x00057420,0x00457420,32,atanf,_atanf
PUB,.text,0x00057440,0x00457440,32,cosf,_cosf
PUB,.text,0x00057460,0x00457460,32,fabsf,_fabsf
PUB,.text,0x00057480,0x00457480,32,sinf,_sinf
PUB,.text,0x000574a0,0x004574a0,32,sqrtf,_sqrtf
PUB,.text,0x000574c0,0x004574c0,336,pow,_pow
PUB,.text,0x00057610,0x00457610,32,abs,_abs
PUB,.text,0x00057630,0x00457630,80,msl_add,___msl_add
PUB,.text,0x00057680,0x00457680,80,msl_ladd,___msl_ladd
PUB,.text,0x000576d0,0x004576d0,112,msl_lmul,___msl_lmul
PUB,.text,0x00057740,0x00457740,128,msl_div,___msl_div
PUB,.text,0x000577c0,0x004577c0,102,msl_mod,___msl_mod
PUB,.text,0x00057826,0x00457826,439,PlatformOpen,_PlatformOpen
PUB,.text,0x000579dd,0x004579dd,41,PlatformClose,_PlatformClose
PUB,.text,0x00057a06,0x00457a06,6,IsPlatformOpen,_IsPlatformOpen
PUB,.text,0x00057a0c,0x00457a0c,16,RandomSeed,_RandomSeed
PUB,.text,0x00057a1c,0x00457a1c,6,SystemGetTime,_SystemGetTime
PUB,.text,0x00057a22,0x00457a22,66,SystemIdle,_SystemIdle
PUB,.text,0x00057a64,0x00457a64,39,SystemWait,_SystemWait
PUB,.text,0x00057a8b,0x00457a8b,73,SystemSetIdleProc,_SystemSetIdleProc
PUB,.text,0x00057ad4,0x00457ad4,233,SystemSetQuitProc,_SystemSetQuitProc
PUB,.text,0x00057bbd,0x00457bbd,79,SystemLeaveCallback,_SystemLeaveCallback
PUB,.text,0x00057c0c,0x00457c0c,33,SystemCheckCallback,_SystemCheckCallback
PUB,.text,0x00057c2d,0x00457c2d,19,SystemGetParentWindow,_SystemGetParentWindow
PUB,.text,0x00057c40,0x00457c40,783,SystemGetUserProc,_SystemGetUserProc
PUB,.text,0x00057f4f,0x00457f4f,11,SystemSuspendThread,__SystemSuspendThread
PUB,.text,0x00057f5a,0x00457f5a,11,SystemResumeThread,__SystemResumeThread
PUB,.text,0x00057f65,0x00457f65,143,TimerGetSeconds,_TimerGetSeconds
PUB,.text,0x00057ff4,0x00457ff4,15,TimerGetTicks,_TimerGetTicks
PUB,.text,0x00058003,0x00458003,19,TimerGetTickRate,_TimerGetTickRate
PUB,.text,0x00058016,0x00458016,714,TimerGetMicroseconds,_TimerGetMicroseconds
PUB,.text,0x000582e0,0x004582e0,547,TimerGetMilliseconds,_TimerGetMilliseconds
PUB,.text,0x00058503,0x00458503,376,TimerCreate,_TimerCreate
PUB,.text,0x0005867b,0x0045867b,151,TimerPrime,_TimerPrime
PUB,.text,0x00058712,0x00458712,349,TimerDispose,_TimerDispose
PUB,.text,0x0005886f,0x0045886f,177,WindowsTimer@4,__WindowsTimer@4
PUB,.text,0x00058920,0x00458920,16,RT3_GetNumLaunches,_RT3_GetNumLaunches
PUB,.text,0x00058930,0x00458930,80,RT3_GetHoursUsed,_RT3_GetHoursUsed
PUB,.text,0x00058980,0x00458980,64,RT3_GetDaysHad,_RT3_GetDaysHad
PUB,.text,0x000589c0,0x004589c0,32,RT3_IsRegistered,_RT3_IsRegistered
PUB,.text,0x000589e0,0x004589e0,32,RT3_GetLicenseCopies,_RT3_GetLicenseCopies
PUB,.text,0x00058a00,0x00458a00,64,RT3_GetLicenseName,_RT3_GetLicenseName
PUB,.text,0x00058a40,0x00458a40,160,RT3_GetLicenseCode,_RT3_GetLicenseCode
PUB,.text,0x00058ae0,0x00458ae0,64,RT3_GetDisplayCopies,_RT3_GetDisplayCopies
PUB,.text,0x00058b20,0x00458b20,32,RT3_GetDisplayName,_RT3_GetDisplayName
PUB,.text,0x00058b40,0x00458b40,208,RT3_Close,_RT3_Close
PUB,.text,0x00058c10,0x00458c10,32,RT3_Idle,_RT3_Idle
PUB,.text,0x00058c30,0x00458c30,4112,RT3_Open,_RT3_Open
PUB,.text,0x00059c40,0x00459c40,112,RT3_ExtractLicenseBlock2,_RT3_ExtractLicenseBlock2
PUB,.text,0x00059cb0,0x00459cb0,112,RT3_ExtractLicenseBlock1,_RT3_ExtractLicenseBlock1
PUB,.text,0x00059d20,0x00459d20,160,RT3_LicenseTextToCode,_RT3_LicenseTextToCode
PUB,.text,0x00059dc0,0x00459dc0,368,RT3_CalcMainHash,_RT3_CalcMainHash
PUB,.text,0x00059f30,0x00459f30,80,RT3_FixLicenseName,_RT3_FixLicenseName
PUB,.text,0x00059f80,0x00459f80,3536,RT3_GetTimePeriod,_RT3_GetTimePeriod
PUB,.text,0x0005ad50,0x0045ad50,96,StringRead,___StringRead
PUB,.text,0x0005adb0,0x0045adb0,80,vsscanf,_vsscanf
PUB,.text,0x0005ae00,0x0045ae00,48,sscanf,_sscanf
PUB,.text,0x0005ae30,0x0045ae30,144,memmove,_memmove
PUB,.text,0x0005aec0,0x0045aec0,64,memcpy,_memcpy
PUB,.text,0x0005af00,0x0045af00,80,memset,_memset
PUB,.text,0x0005af50,0x0045af50,48,memrchr,___memrchr
PUB,.text,0x0005af80,0x0045af80,48,memcmp,_memcmp
PUB,.text,0x0005afb0,0x0045afb0,48,islower,_islower
PUB,.text,0x0005afe0,0x0045afe0,48,isprint,_isprint
PUB,.text,0x0005b010,0x0045b010,48,isspace,_isspace
PUB,.text,0x0005b040,0x0045b040,48,isupper,_isupper
PUB,.text,0x0005b070,0x0045b070,48,tolower,_tolower
PUB,.text,0x0005b0a0,0x0045b0a0,48,toupper,_toupper
PUB,.text,0x0005b0d0,0x0045b0d0,16,U@YAPAXI@Z,??_U@YAPAXI@Z
PUB,.text,0x0005b0e0,0x0045b0e0,80,V@YAXPAX@Z,??_V@YAXPAX@Z
PUB,.text,0x0005b130,0x0045b130,32,1mutex@Metrowerks@@QAE@XZ,??1mutex@Metrowerks@@QAE@XZ
PUB,.text,0x0005b150,0x0045b150,480,0__nInit@std@@QAE@XZ,??0__nInit@std@@QAE@XZ
PUB,.text,0x0005b330,0x0045b330,32,1mutex_lock@Metrowerks@@QAE@XZ,??1mutex_lock@Metrowerks@@QAE@XZ
PUB,.text,0x0005b350,0x0045b350,16,setbuf@?$basic_streambuf@DU?$char_traits@D@std@@@std@@MAEPAV12@PADJ@Z,?setbuf@?$basic_streambuf@DU?$char_traits@D@std@@@std@@MAEPAV12@PADJ@Z
PUB,.text,0x0005b360,0x0045b360,96,1?$basic_filebuf@DU?$char_traits@D@std@@@std@@UAE@XZ,??1?$basic_filebuf@DU?$char_traits@D@std@@@std@@UAE@XZ
PUB,.text,0x0005b3c0,0x0045b3c0,336,1__nInit@std@@QAE@XZ,??1__nInit@std@@QAE@XZ
PUB,.text,0x0005b510,0x0045b510,480,0__wInit@std@@QAE@XZ,??0__wInit@std@@QAE@XZ
PUB,.text,0x0005b6f0,0x0045b6f0,16,setbuf@?$basic_streambuf@_WU?$char_traits@_W@std@@@std@@MAEPAV12@PA_WJ@Z,?setbuf@?$basic_streambuf@_WU?$char_traits@_W@std@@@std@@MAEPAV12@PA_WJ@Z
PUB,.text,0x0005b700,0x0045b700,96,1?$basic_filebuf@_WU?$char_traits@_W@std@@@std@@UAE@XZ,??1?$basic_filebuf@_WU?$char_traits@_W@std@@@std@@UAE@XZ
PUB,.text,0x0005b760,0x0045b760,336,1__wInit@std@@QAE@XZ,??1__wInit@std@@QAE@XZ
PUB,.text,0x0005b8b0,0x0045b8b0,128,E?$basic_ostream@_WU?$char_traits@_W@std@@@std@@UAE@I@Z,??_E?$basic_ostream@_WU?$char_traits@_W@std@@@std@@UAE@I@Z
PUB,.text,0x0005b930,0x0045b930,80,D?$basic_ostream@_WU?$char_traits@_W@std@@@std@@UAE@XZ,??_D?$basic_ostream@_WU?$char_traits@_W@std@@@std@@UAE@XZ
PUB,.text,0x0005b980,0x0045b980,80,E?$basic_ios@_WU?$char_traits@_W@std@@@std@@UAE@I@Z,??_E?$basic_ios@_WU?$char_traits@_W@std@@@std@@UAE@I@Z
PUB,.text,0x0005b9d0,0x0045b9d0,32,1?$basic_ios@_WU?$char_traits@_W@std@@@std@@UAE@XZ,??1?$basic_ios@_WU?$char_traits@_W@std@@@std@@UAE@XZ
PUB,.text,0x0005b9f0,0x0045b9f0,128,E?$basic_istream@_WU?$char_traits@_W@std@@@std@@UAE@I@Z,??_E?$basic_istream@_WU?$char_traits@_W@std@@@std@@UAE@I@Z
PUB,.text,0x0005ba70,0x0045ba70,80,D?$basic_istream@_WU?$char_traits@_W@std@@@std@@UAE@XZ,??_D?$basic_istream@_WU?$char_traits@_W@std@@@std@@UAE@XZ
PUB,.text,0x0005bac0,0x0045bac0,80,E?$basic_streambuf@_WU?$char_traits@_W@std@@@std@@UAE@I@Z,??_E?$basic_streambuf@_WU?$char_traits@_W@std@@@std@@UAE@I@Z
PUB,.text,0x0005bb10,0x0045bb10,32,1?$basic_streambuf@_WU?$char_traits@_W@std@@@std@@UAE@XZ,??1?$basic_streambuf@_WU?$char_traits@_W@std@@@std@@UAE@XZ
PUB,.text,0x0005bb30,0x0045bb30,144,E?$basic_filebuf@_WU?$char_traits@_W@std@@@std@@UAE@I@Z,??_E?$basic_filebuf@_WU?$char_traits@_W@std@@@std@@UAE@I@Z
PUB,.text,0x0005bbc0,0x0045bbc0,128,E?$basic_ostream@DU?$char_traits@D@std@@@std@@UAE@I@Z,??_E?$basic_ostream@DU?$char_traits@D@std@@@std@@UAE@I@Z
PUB,.text,0x0005bc40,0x0045bc40,80,D?$basic_ostream@DU?$char_traits@D@std@@@std@@UAE@XZ,??_D?$basic_ostream@DU?$char_traits@D@std@@@std@@UAE@XZ
PUB,.text,0x0005bc90,0x0045bc90,80,E?$basic_ios@DU?$char_traits@D@std@@@std@@UAE@I@Z,??_E?$basic_ios@DU?$char_traits@D@std@@@std@@UAE@I@Z
PUB,.text,0x0005bce0,0x0045bce0,32,1?$basic_ios@DU?$char_traits@D@std@@@std@@UAE@XZ,??1?$basic_ios@DU?$char_traits@D@std@@@std@@UAE@XZ
PUB,.text,0x0005bd00,0x0045bd00,128,E?$basic_istream@DU?$char_traits@D@std@@@std@@UAE@I@Z,??_E?$basic_istream@DU?$char_traits@D@std@@@std@@UAE@I@Z
PUB,.text,0x0005bd80,0x0045bd80,80,D?$basic_istream@DU?$char_traits@D@std@@@std@@UAE@XZ,??_D?$basic_istream@DU?$char_traits@D@std@@@std@@UAE@XZ
PUB,.text,0x0005bdd0,0x0045bdd0,80,E?$basic_streambuf@DU?$char_traits@D@std@@@std@@UAE@I@Z,??_E?$basic_streambuf@DU?$char_traits@D@std@@@std@@UAE@I@Z
PUB,.text,0x0005be20,0x0045be20,32,1?$basic_streambuf@DU?$char_traits@D@std@@@std@@UAE@XZ,??1?$basic_streambuf@DU?$char_traits@D@std@@@std@@UAE@XZ
PUB,.text,0x0005be40,0x0045be40,144,E?$basic_filebuf@DU?$char_traits@D@std@@@std@@UAE@I@Z,??_E?$basic_filebuf@DU?$char_traits@D@std@@@std@@UAE@I@Z
PUB,.text,0x0005bed0,0x0045bed0,16,setbuf@?$basic_filebuf@_WU?$char_traits@_W@std@@@std@@MAEPAV?$basic_streambuf@_WU?$char_traits@_W@std@@@2@PA_WJ@Z,?setbuf@?$basic_filebuf@_WU?$char_traits@_W@std@@@std@@MAEPAV?$basic_streambuf@_WU?$char_traits@_W@std@@@2@PA_WJ@Z
PUB,.text,0x0005bee0,0x0045bee0,16,setbuf@?$basic_filebuf@DU?$char_traits@D@std@@@std@@MAEPAV?$basic_streambuf@DU?$char_traits@D@std@@@2@PADJ@Z,?setbuf@?$basic_filebuf@DU?$char_traits@D@std@@@std@@MAEPAV?$basic_streambuf@DU?$char_traits@D@std@@@2@PADJ@Z
PUB,.text,0x0005bef0,0x0045bef0,16,sync@?$basic_streambuf@_WU?$char_traits@_W@std@@@std@@MAEHXZ,?sync@?$basic_streambuf@_WU?$char_traits@_W@std@@@std@@MAEHXZ
PUB,.text,0x0005bf00,0x0045bf00,16,showmanyc@?$basic_streambuf@_WU?$char_traits@_W@std@@@std@@MAEJXZ,?showmanyc@?$basic_streambuf@_WU?$char_traits@_W@std@@@std@@MAEJXZ
PUB,.text,0x0005bf10,0x0045bf10,16,underflow@?$basic_streambuf@_WU?$char_traits@_W@std@@@std@@MAE_WXZ,?underflow@?$basic_streambuf@_WU?$char_traits@_W@std@@@std@@MAE_WXZ
PUB,.text,0x0005bf20,0x0045bf20,48,uflow@?$basic_streambuf@_WU?$char_traits@_W@std@@@std@@MAE_WXZ,?uflow@?$basic_streambuf@_WU?$char_traits@_W@std@@@std@@MAE_WXZ
PUB,.text,0x0005bf50,0x0045bf50,16,pbackfail@?$basic_streambuf@_WU?$char_traits@_W@std@@@std@@MAE_W_W@Z,?pbackfail@?$basic_streambuf@_WU?$char_traits@_W@std@@@std@@MAE_W_W@Z
PUB,.text,0x0005bf60,0x0045bf60,16,overflow@?$basic_streambuf@_WU?$char_traits@_W@std@@@std@@MAE_W_W@Z,?overflow@?$basic_streambuf@_WU?$char_traits@_W@std@@@std@@MAE_W_W@Z
PUB,.text,0x0005bf70,0x0045bf70,16,sync@?$basic_streambuf@DU?$char_traits@D@std@@@std@@MAEHXZ,?sync@?$basic_streambuf@DU?$char_traits@D@std@@@std@@MAEHXZ
PUB,.text,0x0005bf80,0x0045bf80,16,showmanyc@?$basic_streambuf@DU?$char_traits@D@std@@@std@@MAEJXZ,?showmanyc@?$basic_streambuf@DU?$char_traits@D@std@@@std@@MAEJXZ
PUB,.text,0x0005bf90,0x0045bf90,16,underflow@?$basic_streambuf@DU?$char_traits@D@std@@@std@@MAEHXZ,?underflow@?$basic_streambuf@DU?$char_traits@D@std@@@std@@MAEHXZ
PUB,.text,0x0005bfa0,0x0045bfa0,48,uflow@?$basic_streambuf@DU?$char_traits@D@std@@@std@@MAEHXZ,?uflow@?$basic_streambuf@DU?$char_traits@D@std@@@std@@MAEHXZ
PUB,.text,0x0005bfd0,0x0045bfd0,16,pbackfail@?$basic_streambuf@DU?$char_traits@D@std@@@std@@MAEHH@Z,?pbackfail@?$basic_streambuf@DU?$char_traits@D@std@@@std@@MAEHH@Z
PUB,.text,0x0005bfe0,0x0045bfe0,16,overflow@?$basic_streambuf@DU?$char_traits@D@std@@@std@@MAEHH@Z,?overflow@?$basic_streambuf@DU?$char_traits@D@std@@@std@@MAEHH@Z
PUB,.text,0x0005bff0,0x0045bff0,160,xsputn@?$basic_streambuf@DU?$char_traits@D@std@@@std@@MAEJPBDJ@Z,?xsputn@?$basic_streambuf@DU?$char_traits@D@std@@@std@@MAEJPBDJ@Z
PUB,.text,0x0005c090,0x0045c090,160,xsgetn@?$basic_streambuf@DU?$char_traits@D@std@@@std@@MAEJPADJ@Z,?xsgetn@?$basic_streambuf@DU?$char_traits@D@std@@@std@@MAEJPADJ@Z
PUB,.text,0x0005c130,0x0045c130,32,seekpos@?$basic_streambuf@DU?$char_traits@D@std@@@std@@MAE?AV?$fpos@H@2@V32@W1openmode@ios_base@2@@Z,?seekpos@?$basic_streambuf@DU?$char_traits@D@std@@@std@@MAE?AV?$fpos@H@2@V32@W1openmode@ios_base@2@@Z
PUB,.text,0x0005c150,0x0045c150,32,seekoff@?$basic_streambuf@DU?$char_traits@D@std@@@std@@MAE?AV?$fpos@H@2@JW1seekdir@ios_base@2@W1openmode@52@@Z,?seekoff@?$basic_streambuf@DU?$char_traits@D@std@@@std@@MAE?AV?$fpos@H@2@JW1seekdir@ios_base@2@W1openmode@52@@Z
PUB,.text,0x0005c170,0x0045c170,32,imbue@?$basic_streambuf@DU?$char_traits@D@std@@@std@@MAEXABVlocale@2@@Z,?imbue@?$basic_streambuf@DU?$char_traits@D@std@@@std@@MAEXABVlocale@2@@Z
PUB,.text,0x0005c190,0x0045c190,192,xsputn@?$basic_streambuf@_WU?$char_traits@_W@std@@@std@@MAEJPB_WJ@Z,?xsputn@?$basic_streambuf@_WU?$char_traits@_W@std@@@std@@MAEJPB_WJ@Z
PUB,.text,0x0005c250,0x0045c250,176,xsgetn@?$basic_streambuf@_WU?$char_traits@_W@std@@@std@@MAEJPA_WJ@Z,?xsgetn@?$basic_streambuf@_WU?$char_traits@_W@std@@@std@@MAEJPA_WJ@Z
PUB,.text,0x0005c300,0x0045c300,32,seekpos@?$basic_streambuf@_WU?$char_traits@_W@std@@@std@@MAE?AV?$fpos@H@2@V32@W1openmode@ios_base@2@@Z,?seekpos@?$basic_streambuf@_WU?$char_traits@_W@std@@@std@@MAE?AV?$fpos@H@2@V32@W1openmode@ios_base@2@@Z
PUB,.text,0x0005c320,0x0045c320,32,seekoff@?$basic_streambuf@_WU?$char_traits@_W@std@@@std@@MAE?AV?$fpos@H@2@JW1seekdir@ios_base@2@W1openmode@52@@Z,?seekoff@?$basic_streambuf@_WU?$char_traits@_W@std@@@std@@MAE?AV?$fpos@H@2@JW1seekdir@ios_base@2@W1openmode@52@@Z
PUB,.text,0x0005c340,0x0045c340,32,imbue@?$basic_streambuf@_WU?$char_traits@_W@std@@@std@@MAEXABVlocale@2@@Z,?imbue@?$basic_streambuf@_WU?$char_traits@_W@std@@@std@@MAEXABVlocale@2@@Z
PUB,.text,0x0005c360,0x0045c360,160,0?$basic_istream@DU?$char_traits@D@std@@@std@@QAE@IPAV?$basic_streambuf@DU?$char_traits@D@std@@@1@@Z,??0?$basic_istream@DU?$char_traits@D@std@@@std@@QAE@IPAV?$basic_streambuf@DU?$char_traits@D@std@@@1@@Z
PUB,.text,0x0005c400,0x0045c400,32,1locale@std@@QAE@XZ,??1locale@std@@QAE@XZ
PUB,.text,0x0005c420,0x0045c420,32,getloc@ios_base@std@@QBE?AVlocale@2@XZ,?getloc@ios_base@std@@QBE?AVlocale@2@XZ
PUB,.text,0x0005c440,0x0045c440,160,0?$basic_istream@_WU?$char_traits@_W@std@@@std@@QAE@IPAV?$basic_streambuf@_WU?$char_traits@_W@std@@@1@@Z,??0?$basic_istream@_WU?$char_traits@_W@std@@@std@@QAE@IPAV?$basic_streambuf@_WU?$char_traits@_W@std@@@1@@Z
PUB,.text,0x0005c4e0,0x0045c4e0,16,do_widen@?$ctype@_W@std@@MBE_WD@Z,?do_widen@?$ctype@_W@std@@MBE_WD@Z
PUB,.text,0x0005c4f0,0x0045c4f0,352,flush@?$basic_ostream@DU?$char_traits@D@std@@@std@@QAEAAV12@XZ,?flush@?$basic_ostream@DU?$char_traits@D@std@@@std@@QAEAAV12@XZ
PUB,.text,0x0005c650,0x0045c650,80,1sentry@?$basic_ostream@DU?$char_traits@D@std@@@std@@QAE@XZ,??1sentry@?$basic_ostream@DU?$char_traits@D@std@@@std@@QAE@XZ
PUB,.text,0x0005c6a0,0x0045c6a0,48,1failure@ios_base@std@@UAE@XZ,??1failure@ios_base@std@@UAE@XZ
PUB,.text,0x0005c6d0,0x0045c6d0,160,0?$basic_ostream@DU?$char_traits@D@std@@@std@@QAE@IPAV?$basic_streambuf@DU?$char_traits@D@std@@@1@@Z,??0?$basic_ostream@DU?$char_traits@D@std@@@std@@QAE@IPAV?$basic_streambuf@DU?$char_traits@D@std@@@1@@Z
PUB,.text,0x0005c770,0x0045c770,352,flush@?$basic_ostream@_WU?$char_traits@_W@std@@@std@@QAEAAV12@XZ,?flush@?$basic_ostream@_WU?$char_traits@_W@std@@@std@@QAEAAV12@XZ
PUB,.text,0x0005c8d0,0x0045c8d0,80,1sentry@?$basic_ostream@_WU?$char_traits@_W@std@@@std@@QAE@XZ,??1sentry@?$basic_ostream@_WU?$char_traits@_W@std@@@std@@QAE@XZ
PUB,.text,0x0005c920,0x0045c920,160,0?$basic_ostream@_WU?$char_traits@_W@std@@@std@@QAE@IPAV?$basic_streambuf@_WU?$char_traits@_W@std@@@1@@Z,??0?$basic_ostream@_WU?$char_traits@_W@std@@@std@@QAE@IPAV?$basic_streambuf@_WU?$char_traits@_W@std@@@1@@Z
PUB,.text,0x0005c9c0,0x0045c9c0,112,imbue@?$basic_filebuf@DU?$char_traits@D@std@@@std@@MAEXABVlocale@2@@Z,?imbue@?$basic_filebuf@DU?$char_traits@D@std@@@std@@MAEXABVlocale@2@@Z
PUB,.text,0x0005ca30,0x0045ca30,16,do_always_noconv@?$codecvt@DDH@std@@MBE_NXZ,?do_always_noconv@?$codecvt@DDH@std@@MBE_NXZ
PUB,.text,0x0005ca40,0x0045ca40,32,getloc@?$basic_streambuf@DU?$char_traits@D@std@@@std@@QBE?AVlocale@2@XZ,?getloc@?$basic_streambuf@DU?$char_traits@D@std@@@std@@QBE?AVlocale@2@XZ
PUB,.text,0x0005ca60,0x0045ca60,112,sync@?$basic_filebuf@DU?$char_traits@D@std@@@std@@MAEHXZ,?sync@?$basic_filebuf@DU?$char_traits@D@std@@@std@@MAEHXZ
PUB,.text,0x0005cad0,0x0045cad0,352,seekpos@?$basic_filebuf@DU?$char_traits@D@std@@@std@@MAE?AV?$fpos@H@2@V32@W1openmode@ios_base@2@@Z,?seekpos@?$basic_filebuf@DU?$char_traits@D@std@@@std@@MAE?AV?$fpos@H@2@V32@W1openmode@ios_base@2@@Z
PUB,.text,0x0005cc30,0x0045cc30,16,do_encoding@?$codecvt@DDH@std@@MBEHXZ,?do_encoding@?$codecvt@DDH@std@@MBEHXZ
PUB,.text,0x0005cc40,0x0045cc40,448,seekoff@?$basic_filebuf@DU?$char_traits@D@std@@@std@@MAE?AV?$fpos@H@2@JW1seekdir@ios_base@2@W1openmode@52@@Z,?seekoff@?$basic_filebuf@DU?$char_traits@D@std@@@std@@MAE?AV?$fpos@H@2@JW1seekdir@ios_base@2@W1openmode@52@@Z
PUB,.text,0x0005ce00,0x0045ce00,576,overflow@?$basic_filebuf@DU?$char_traits@D@std@@@std@@MAEHH@Z,?overflow@?$basic_filebuf@DU?$char_traits@D@std@@@std@@MAEHH@Z
PUB,.text,0x0005d040,0x0045d040,160,pbackfail@?$basic_filebuf@DU?$char_traits@D@std@@@std@@MAEHH@Z,?pbackfail@?$basic_filebuf@DU?$char_traits@D@std@@@std@@MAEHH@Z
PUB,.text,0x0005d0e0,0x0045d0e0,272,uflow@?$basic_filebuf@DU?$char_traits@D@std@@@std@@MAEHXZ,?uflow@?$basic_filebuf@DU?$char_traits@D@std@@@std@@MAEHXZ
PUB,.text,0x0005d1f0,0x0045d1f0,512,underflow@?$basic_filebuf@DU?$char_traits@D@std@@@std@@MAEHXZ,?underflow@?$basic_filebuf@DU?$char_traits@D@std@@@std@@MAEHXZ
PUB,.text,0x0005d3f0,0x0045d3f0,16,showmanyc@?$basic_filebuf@DU?$char_traits@D@std@@@std@@MAEJXZ,?showmanyc@?$basic_filebuf@DU?$char_traits@D@std@@@std@@MAEJXZ
PUB,.text,0x0005d400,0x0045d400,192,close@?$basic_filebuf@DU?$char_traits@D@std@@@std@@QAEPAV12@XZ,?close@?$basic_filebuf@DU?$char_traits@D@std@@@std@@QAEPAV12@XZ
PUB,.text,0x0005d4c0,0x0045d4c0,192,0?$basic_filebuf@DU?$char_traits@D@std@@@std@@QAE@PAU_FILE@1@@Z,??0?$basic_filebuf@DU?$char_traits@D@std@@@std@@QAE@PAU_FILE@1@@Z
PUB,.text,0x0005d580,0x0045d580,112,imbue@?$basic_filebuf@_WU?$char_traits@_W@std@@@std@@MAEXABVlocale@2@@Z,?imbue@?$basic_filebuf@_WU?$char_traits@_W@std@@@std@@MAEXABVlocale@2@@Z
PUB,.text,0x0005d5f0,0x0045d5f0,16,do_always_noconv@?$codecvt@_WDH@std@@MBE_NXZ,?do_always_noconv@?$codecvt@_WDH@std@@MBE_NXZ
PUB,.text,0x0005d600,0x0045d600,32,getloc@?$basic_streambuf@_WU?$char_traits@_W@std@@@std@@QBE?AVlocale@2@XZ,?getloc@?$basic_streambuf@_WU?$char_traits@_W@std@@@std@@QBE?AVlocale@2@XZ
PUB,.text,0x0005d620,0x0045d620,128,sync@?$basic_filebuf@_WU?$char_traits@_W@std@@@std@@MAEHXZ,?sync@?$basic_filebuf@_WU?$char_traits@_W@std@@@std@@MAEHXZ
PUB,.text,0x0005d6a0,0x0045d6a0,352,seekpos@?$basic_filebuf@_WU?$char_traits@_W@std@@@std@@MAE?AV?$fpos@H@2@V32@W1openmode@ios_base@2@@Z,?seekpos@?$basic_filebuf@_WU?$char_traits@_W@std@@@std@@MAE?AV?$fpos@H@2@V32@W1openmode@ios_base@2@@Z
PUB,.text,0x0005d800,0x0045d800,16,do_encoding@?$codecvt@_WDH@std@@MBEHXZ,?do_encoding@?$codecvt@_WDH@std@@MBEHXZ
PUB,.text,0x0005d810,0x0045d810,464,seekoff@?$basic_filebuf@_WU?$char_traits@_W@std@@@std@@MAE?AV?$fpos@H@2@JW1seekdir@ios_base@2@W1openmode@52@@Z,?seekoff@?$basic_filebuf@_WU?$char_traits@_W@std@@@std@@MAE?AV?$fpos@H@2@JW1seekdir@ios_base@2@W1openmode@52@@Z
PUB,.text,0x0005d9e0,0x0045d9e0,656,overflow@?$basic_filebuf@_WU?$char_traits@_W@std@@@std@@MAE_W_W@Z,?overflow@?$basic_filebuf@_WU?$char_traits@_W@std@@@std@@MAE_W_W@Z
PUB,.text,0x0005dc70,0x0045dc70,160,pbackfail@?$basic_filebuf@_WU?$char_traits@_W@std@@@std@@MAE_W_W@Z,?pbackfail@?$basic_filebuf@_WU?$char_traits@_W@std@@@std@@MAE_W_W@Z
PUB,.text,0x0005dd10,0x0045dd10,272,uflow@?$basic_filebuf@_WU?$char_traits@_W@std@@@std@@MAE_WXZ,?uflow@?$basic_filebuf@_WU?$char_traits@_W@std@@@std@@MAE_WXZ
PUB,.text,0x0005de20,0x0045de20,544,underflow@?$basic_filebuf@_WU?$char_traits@_W@std@@@std@@MAE_WXZ,?underflow@?$basic_filebuf@_WU?$char_traits@_W@std@@@std@@MAE_WXZ
PUB,.text,0x0005e040,0x0045e040,32,showmanyc@?$basic_filebuf@_WU?$char_traits@_W@std@@@std@@MAEJXZ,?showmanyc@?$basic_filebuf@_WU?$char_traits@_W@std@@@std@@MAEJXZ
PUB,.text,0x0005e060,0x0045e060,192,close@?$basic_filebuf@_WU?$char_traits@_W@std@@@std@@QAEPAV12@XZ,?close@?$basic_filebuf@_WU?$char_traits@_W@std@@@std@@QAEPAV12@XZ
PUB,.text,0x0005e120,0x0045e120,192,0?$basic_filebuf@_WU?$char_traits@_W@std@@@std@@QAE@PAU_FILE@1@@Z,??0?$basic_filebuf@_WU?$char_traits@_W@std@@@std@@QAE@PAU_FILE@1@@Z
PUB,.text,0x0005e1e0,0x0045e1e0,80,1?$_RefCountedPtr@V?$__locale_imp@$00@std@@U?$_Single@V?$__locale_imp@$00@std@@@2@@std@@QAE@XZ,??1?$_RefCountedPtr@V?$__locale_imp@$00@std@@U?$_Single@V?$__locale_imp@$00@std@@@2@@std@@QAE@XZ
PUB,.text,0x0005e230,0x0045e230,96,Efailure@ios_base@std@@UAE@I@Z,??_Efailure@ios_base@std@@UAE@I@Z
PUB,.text,0x0005e290,0x0045e290,16,what@failure@ios_base@std@@UBEPBDXZ,?what@failure@ios_base@std@@UBEPBDXZ
PUB,.text,0x0005e2a0,0x0045e2a0,80,Eios_base@std@@UAE@I@Z,??_Eios_base@std@@UAE@I@Z
PUB,.text,0x0005e2f0,0x0045e2f0,32,0?$_RefCountedPtr@V?$__locale_imp@$00@std@@U?$_Single@V?$__locale_imp@$00@std@@@2@@std@@QAE@ABV01@@Z,??0?$_RefCountedPtr@V?$__locale_imp@$00@std@@U?$_Single@V?$__locale_imp@$00@std@@@2@@std@@QAE@ABV01@@Z
PUB,.text,0x0005e310,0x0045e310,112,4?$_RefCountedPtr@V?$__locale_imp@$00@std@@U?$_Single@V?$__locale_imp@$00@std@@@2@@std@@QAEAAV01@ABV01@@Z,??4?$_RefCountedPtr@V?$__locale_imp@$00@std@@U?$_Single@V?$__locale_imp@$00@std@@@2@@std@@QAEAAV01@ABV01@@Z
PUB,.text,0x0005e380,0x0045e380,112,read1@?$basic_filebuf@_WU?$char_traits@_W@std@@@std@@AAE_W_N@Z,?read1@?$basic_filebuf@_WU?$char_traits@_W@std@@@std@@AAE_W_N@Z
PUB,.text,0x0005e3f0,0x0045e3f0,224,unshift@?$basic_filebuf@DU?$char_traits@D@std@@@std@@AAE_NXZ,?unshift@?$basic_filebuf@DU?$char_traits@D@std@@@std@@AAE_NXZ
PUB,.text,0x0005e4d0,0x0045e4d0,112,read1@?$basic_filebuf@DU?$char_traits@D@std@@@std@@AAEH_N@Z,?read1@?$basic_filebuf@DU?$char_traits@D@std@@@std@@AAEH_N@Z
PUB,.text,0x0005e540,0x0045e540,256,read2@?$basic_filebuf@DU?$char_traits@D@std@@@std@@AAEHH_N@Z,?read2@?$basic_filebuf@DU?$char_traits@D@std@@@std@@AAEHH_N@Z
PUB,.text,0x0005e640,0x0045e640,304,read3@?$basic_filebuf@DU?$char_traits@D@std@@@std@@AAEH_N@Z,?read3@?$basic_filebuf@DU?$char_traits@D@std@@@std@@AAEH_N@Z
PUB,.text,0x0005e770,0x0045e770,224,write2@?$basic_filebuf@DU?$char_traits@D@std@@@std@@AAEHHD@Z,?write2@?$basic_filebuf@DU?$char_traits@D@std@@@std@@AAEHHD@Z
PUB,.text,0x0005e850,0x0045e850,144,use_facet@?$@V?$ctype@D@std@@@2@YAABV12@ABVlocale@2@U?$__chooser@$00@2@@Z,?__use_facet@?$@V?$ctype@D@std@@@2@YAABV12@ABVlocale@2@U?$__chooser@$00@2@@Z
PUB,.text,0x0005e8e0,0x0045e8e0,128,use_facet@?$@V?$ctype@_W@std@@@2@YAABV12@ABVlocale@2@U?$__chooser@$00@2@@Z,?__use_facet@?$@V?$ctype@_W@std@@@2@YAABV12@ABVlocale@2@U?$__chooser@$00@2@@Z
PUB,.text,0x0005e960,0x0045e960,144,use_facet@?$@V?$codecvt@DDH@std@@@2@YAABV12@ABVlocale@2@U?$__chooser@$00@2@@Z,?__use_facet@?$@V?$codecvt@DDH@std@@@2@YAABV12@ABVlocale@2@U?$__chooser@$00@2@@Z
PUB,.text,0x0005e9f0,0x0045e9f0,16,1facet@locale@std@@MAE@XZ,??1facet@locale@std@@MAE@XZ
PUB,.text,0x0005ea00,0x0045ea00,144,use_facet@?$@V?$codecvt@_WDH@std@@@2@YAABV12@ABVlocale@2@U?$__chooser@$00@2@@Z,?__use_facet@?$@V?$codecvt@_WDH@std@@@2@YAABV12@ABVlocale@2@U?$__chooser@$00@2@@Z
PUB,.text,0x0005ea90,0x0045ea90,32,do_out@?$codecvt@DDH@std@@MBE?AW1result@codecvt_base@2@AAHPBD1AAPBDPAD3AAPAD@Z,?do_out@?$codecvt@DDH@std@@MBE?AW1result@codecvt_base@2@AAHPBD1AAPBDPAD3AAPAD@Z
PUB,.text,0x0005eab0,0x0045eab0,32,do_in@?$codecvt@DDH@std@@MBE?AW1result@codecvt_base@2@AAHPBD1AAPBDPAD3AAPAD@Z,?do_in@?$codecvt@DDH@std@@MBE?AW1result@codecvt_base@2@AAHPBD1AAPBDPAD3AAPAD@Z
PUB,.text,0x0005ead0,0x0045ead0,16,do_unshift@?$codecvt@DDH@std@@MBE?AW1result@codecvt_base@2@AAHPAD1AAPAD@Z,?do_unshift@?$codecvt@DDH@std@@MBE?AW1result@codecvt_base@2@AAHPAD1AAPAD@Z
PUB,.text,0x0005eae0,0x0045eae0,224,write2@?$basic_filebuf@_WU?$char_traits@_W@std@@@std@@AAE_WH_W@Z,?write2@?$basic_filebuf@_WU?$char_traits@_W@std@@@std@@AAE_WH_W@Z
PUB,.text,0x0005ebc0,0x0045ebc0,304,read3@?$basic_filebuf@_WU?$char_traits@_W@std@@@std@@AAE_W_N@Z,?read3@?$basic_filebuf@_WU?$char_traits@_W@std@@@std@@AAE_W_N@Z
PUB,.text,0x0005ecf0,0x0045ecf0,256,read2@?$basic_filebuf@_WU?$char_traits@_W@std@@@std@@AAE_WH_N@Z,?read2@?$basic_filebuf@_WU?$char_traits@_W@std@@@std@@AAE_WH_N@Z
PUB,.text,0x0005edf0,0x0045edf0,224,unshift@?$basic_filebuf@_WU?$char_traits@_W@std@@@std@@AAE_NXZ,?unshift@?$basic_filebuf@_WU?$char_traits@_W@std@@@std@@AAE_NXZ
PUB,.text,0x0005eed0,0x0045eed0,16,do_unshift@?$codecvt@_WDH@std@@MBE?AW1result@codecvt_base@2@AAHPAD1AAPAD@Z,?do_unshift@?$codecvt@_WDH@std@@MBE?AW1result@codecvt_base@2@AAHPAD1AAPAD@Z
PUB,.text,0x0005eee0,0x0045eee0,64,1?$_RefCountedPtr@DU?$_Array@D@std@@@std@@QAE@XZ,??1?$_RefCountedPtr@DU?$_Array@D@std@@@std@@QAE@XZ
PUB,.text,0x0005ef20,0x0045ef20,112,0?$_RefCountedPtr@DU?$_Array@D@std@@@std@@QAE@PAD@Z,??0?$_RefCountedPtr@DU?$_Array@D@std@@@std@@QAE@PAD@Z
PUB,.text,0x0005ef90,0x0045ef90,144,1?$__locale_imp@$00@std@@QAE@XZ,??1?$__locale_imp@$00@std@@QAE@XZ
PUB,.text,0x0005f020,0x0045f020,80,Efacet@locale@std@@UAE@I@Z,??_Efacet@locale@std@@UAE@I@Z
PUB,.text,0x0005f070,0x0045f070,480,0sentry@?$basic_ostream@DU?$char_traits@D@std@@@std@@QAE@AAV12@@Z,??0sentry@?$basic_ostream@DU?$char_traits@D@std@@@std@@QAE@AAV12@@Z
PUB,.text,0x0005f250,0x0045f250,480,0sentry@?$basic_ostream@_WU?$char_traits@_W@std@@@std@@QAE@AAV12@@Z,??0sentry@?$basic_ostream@_WU?$char_traits@_W@std@@@std@@QAE@AAV12@@Z
PUB,.text,0x0005f430,0x0045f430,80,E?$codecvt@_WDH@std@@UAE@I@Z,??_E?$codecvt@_WDH@std@@UAE@I@Z
PUB,.text,0x0005f480,0x0045f480,16,1?$codecvt@_WDH@std@@MAE@XZ,??1?$codecvt@_WDH@std@@MAE@XZ
PUB,.text,0x0005f490,0x0045f490,80,E?$codecvt@DDH@std@@UAE@I@Z,??_E?$codecvt@DDH@std@@UAE@I@Z
PUB,.text,0x0005f4e0,0x0045f4e0,16,1?$codecvt@DDH@std@@MAE@XZ,??1?$codecvt@DDH@std@@MAE@XZ
PUB,.text,0x0005f4f0,0x0045f4f0,16,do_max_length@?$codecvt@DDH@std@@MBEHXZ,?do_max_length@?$codecvt@DDH@std@@MBEHXZ
PUB,.text,0x0005f500,0x0045f500,48,do_length@?$codecvt@DDH@std@@MBEHAAHPBD1I@Z,?do_length@?$codecvt@DDH@std@@MBEHAAHPBD1I@Z
PUB,.text,0x0005f530,0x0045f530,32,min@?$@H@std@@YAABHABH0@Z,?min@?$@H@std@@YAABHABH0@Z
PUB,.text,0x0005f550,0x0045f550,112,do_out@?$codecvt@_WDH@std@@MBE?AW1result@codecvt_base@2@AAHPB_W1AAPB_WPAD3AAPAD@Z,?do_out@?$codecvt@_WDH@std@@MBE?AW1result@codecvt_base@2@AAHPB_W1AAPB_WPAD3AAPAD@Z
PUB,.text,0x0005f5c0,0x0045f5c0,112,do_in@?$codecvt@_WDH@std@@MBE?AW1result@codecvt_base@2@AAHPBD1AAPBDPA_W3AAPA_W@Z,?do_in@?$codecvt@_WDH@std@@MBE?AW1result@codecvt_base@2@AAHPBD1AAPBDPA_W3AAPA_W@Z
PUB,.text,0x0005f630,0x0045f630,64,do_length@?$codecvt@_WDH@std@@MBEHAAHPBD1I@Z,?do_length@?$codecvt@_WDH@std@@MBEHAAHPBD1I@Z
PUB,.text,0x0005f670,0x0045f670,16,do_max_length@?$codecvt@_WDH@std@@MBEHXZ,?do_max_length@?$codecvt@_WDH@std@@MBEHXZ
PUB,.text,0x0005f680,0x0045f680,64,replace@?$@V?$ctype@D@std@@@?$__locale_imp@$00@2@QAEXABV12@@Z,?replace@?$@V?$ctype@D@std@@@?$__locale_imp@$00@2@QAEXABV12@@Z
PUB,.text,0x0005f6c0,0x0045f6c0,64,replace@?$@V?$ctype@_W@std@@@?$__locale_imp@$00@2@QAEXABV12@@Z,?replace@?$@V?$ctype@_W@std@@@?$__locale_imp@$00@2@QAEXABV12@@Z
PUB,.text,0x0005f700,0x0045f700,64,replace@?$@V?$codecvt@DDH@std@@@?$__locale_imp@$00@2@QAEXABV12@@Z,?replace@?$@V?$codecvt@DDH@std@@@?$__locale_imp@$00@2@QAEXABV12@@Z
PUB,.text,0x0005f740,0x0045f740,64,replace@?$@V?$codecvt@_WDH@std@@@?$__locale_imp@$00@2@QAEXABV12@@Z,?replace@?$@V?$codecvt@_WDH@std@@@?$__locale_imp@$00@2@QAEXABV12@@Z
PUB,.text,0x0005f780,0x0045f780,32,1?$basic_string@DU?$char_traits@D@std@@V?$allocator@D@2@@std@@QAE@XZ,??1?$basic_string@DU?$char_traits@D@std@@V?$allocator@D@2@@std@@QAE@XZ
PUB,.text,0x0005f7a0,0x0045f7a0,688,0?$ctype@_W@std@@QAE@I@Z,??0?$ctype@_W@std@@QAE@I@Z
PUB,.text,0x0005fa50,0x0045fa50,32,1?$range_map@_W_W@Metrowerks@@QAE@XZ,??1?$range_map@_W_W@Metrowerks@@QAE@XZ
PUB,.text,0x0005fa70,0x0045fa70,32,1?$range_map@_WW3mask@ctype_base@std@@@Metrowerks@@QAE@XZ,??1?$range_map@_WW3mask@ctype_base@std@@@Metrowerks@@QAE@XZ
PUB,.text,0x0005fa90,0x0045fa90,128,E?$ctype@_W@std@@UAE@I@Z,??_E?$ctype@_W@std@@UAE@I@Z
PUB,.text,0x0005fb10,0x0045fb10,80,1?$ctype@_W@std@@MAE@XZ,??1?$ctype@_W@std@@MAE@XZ
PUB,.text,0x0005fb60,0x0045fb60,32,do_is@?$ctype@_W@std@@MBE_NW3mask@ctype_base@2@_W@Z,?do_is@?$ctype@_W@std@@MBE_NW3mask@ctype_base@2@_W@Z
PUB,.text,0x0005fb80,0x0045fb80,80,do_is@?$ctype@_W@std@@MBEPB_WPB_W0PAW3mask@ctype_base@2@@Z,?do_is@?$ctype@_W@std@@MBEPB_WPB_W0PAW3mask@ctype_base@2@@Z
PUB,.text,0x0005fbd0,0x0045fbd0,80,do_scan_is@?$ctype@_W@std@@MBEPB_WW3mask@ctype_base@2@PB_W1@Z,?do_scan_is@?$ctype@_W@std@@MBEPB_WW3mask@ctype_base@2@PB_W1@Z
PUB,.text,0x0005fc20,0x0045fc20,80,do_scan_not@?$ctype@_W@std@@MBEPB_WW3mask@ctype_base@2@PB_W1@Z,?do_scan_not@?$ctype@_W@std@@MBEPB_WW3mask@ctype_base@2@PB_W1@Z
PUB,.text,0x0005fc70,0x0045fc70,32,do_toupper@?$ctype@_W@std@@MBE_W_W@Z,?do_toupper@?$ctype@_W@std@@MBE_W_W@Z
PUB,.text,0x0005fc90,0x0045fc90,64,do_toupper@?$ctype@_W@std@@MBEPB_WPA_WPB_W@Z,?do_toupper@?$ctype@_W@std@@MBEPB_WPA_WPB_W@Z
PUB,.text,0x0005fcd0,0x0045fcd0,32,do_tolower@?$ctype@_W@std@@MBE_W_W@Z,?do_tolower@?$ctype@_W@std@@MBE_W_W@Z
PUB,.text,0x0005fcf0,0x0045fcf0,64,do_tolower@?$ctype@_W@std@@MBEPB_WPA_WPB_W@Z,?do_tolower@?$ctype@_W@std@@MBEPB_WPA_WPB_W@Z
PUB,.text,0x0005fd30,0x0045fd30,48,do_widen@?$ctype@_W@std@@MBEPBDPBD0PA_W@Z,?do_widen@?$ctype@_W@std@@MBEPBDPBD0PA_W@Z
PUB,.text,0x0005fd60,0x0045fd60,32,do_narrow@?$ctype@_W@std@@MBED_WD@Z,?do_narrow@?$ctype@_W@std@@MBED_WD@Z
PUB,.text,0x0005fd80,0x0045fd80,80,do_narrow@?$ctype@_W@std@@MBEPB_WPB_W0DPAD@Z,?do_narrow@?$ctype@_W@std@@MBEPB_WPB_W0DPAD@Z
PUB,.text,0x0005fdd0,0x0045fdd0,176,replace@?$__locale_imp@$00@std@@AAEXABVfacet@locale@2@I@Z,?replace@?$__locale_imp@$00@std@@AAEXABVfacet@locale@2@I@Z
PUB,.text,0x0005fe80,0x0045fe80,352,insert@?$range_map@_WW3mask@ctype_base@std@@@Metrowerks@@QAEXAB_W0ABW3mask@ctype_base@std@@1@Z,?insert@?$range_map@_WW3mask@ctype_base@std@@@Metrowerks@@QAEXAB_W0ABW3mask@ctype_base@std@@1@Z
PUB,.text,0x0005ffe0,0x0045ffe0,352,insert@?$range_map@_W_W@Metrowerks@@QAEXAB_W000@Z,?insert@?$range_map@_W_W@Metrowerks@@QAEXAB_W000@Z
PUB,.text,0x00060140,0x00460140,128,lower_bound@?$@V?$__wrap_iterator@V?$vector@U?$range_map_entry@_W_W@Metrowerks@@V?$allocator@U?$range_map_entry@_W_W@Metrowerks@@@std@@@std@@PAU?$range_map_entry@_W_W@Metrowerks@@@std@@U?$range_map_entry@_W_W@Metrowerks@@@2@YA?AV12@V12@0ABU34@@Z,?lower_bound@?$@V?$__wrap_iterator@V?$vector@U?$range_map_entry@_W_W@Metrowerks@@V?$allocator@U?$range_map_entry@_W_W@Metrowerks@@@std@@@std@@PAU?$range_map_entry@_W_W@Metrowerks@@@std@@U?$range_map_entry@_W_W@Metrowerks@@@2@YA?AV12@V12@0ABU34@@Z
PUB,.text,0x000601c0,0x004601c0,128,lower_bound@?$@V?$__wrap_iterator@V?$vector@U?$range_map_entry@_WW3mask@ctype_base@std@@@Metrowerks@@V?$allocator@U?$range_map_entry@_WW3mask@ctype_base@std@@@Metrowerks@@@std@@@std@@PAU?$range_map_entry@_WW3mask@ctype_base@std@@@Metrowerks@@@std@@U?$ran,?lower_bound@?$@V?$__wrap_iterator@V?$vector@U?$range_map_entry@_WW3mask@ctype_base@std@@@Metrowerks@@V?$allocator@U?$range_map_entry@_WW3mask@ctype_base@std@@@Metrowerks@@@std@@@std@@PAU?$range_map_entry@_WW3mask@ctype_base@std@@@Metrowerks@@@std@@U?$ran
PUB,.text,0x00060240,0x00460240,96,resize@?$__vector_pod@KV?$allocator@K@std@@@std@@IAEXIABK@Z,?resize@?$__vector_pod@KV?$allocator@K@std@@@std@@IAEXIABK@Z
PUB,.text,0x000602a0,0x004602a0,1392,insert@?$__vector_pod@U?$range_map_entry@_WW3mask@ctype_base@std@@@Metrowerks@@V?$allocator@U?$range_map_entry@_WW3mask@ctype_base@std@@@Metrowerks@@@std@@@std@@IAEXPAU?$range_map_entry@_WW3mask@ctype_base@std@@@Metrowerks@@IABU34@@Z,?insert@?$__vector_pod@U?$range_map_entry@_WW3mask@ctype_base@std@@@Metrowerks@@V?$allocator@U?$range_map_entry@_WW3mask@ctype_base@std@@@Metrowerks@@@std@@@std@@IAEXPAU?$range_map_entry@_WW3mask@ctype_base@std@@@Metrowerks@@IABU34@@Z
PUB,.text,0x00060810,0x00460810,48,1logic_error@std@@UAE@XZ,??1logic_error@std@@UAE@XZ
PUB,.text,0x00060840,0x00460840,48,1length_error@std@@UAE@XZ,??1length_error@std@@UAE@XZ
PUB,.text,0x00060870,0x00460870,1392,insert@?$__vector_pod@U?$range_map_entry@_W_W@Metrowerks@@V?$allocator@U?$range_map_entry@_W_W@Metrowerks@@@std@@@std@@IAEXPAU?$range_map_entry@_W_W@Metrowerks@@IABU34@@Z,?insert@?$__vector_pod@U?$range_map_entry@_W_W@Metrowerks@@V?$allocator@U?$range_map_entry@_W_W@Metrowerks@@@std@@@std@@IAEXPAU?$range_map_entry@_W_W@Metrowerks@@IABU34@@Z
PUB,.text,0x00060de0,0x00460de0,144,A?$range_map@_WW3mask@ctype_base@std@@@Metrowerks@@QBE?AW3mask@ctype_base@std@@AB_W@Z,??A?$range_map@_WW3mask@ctype_base@std@@@Metrowerks@@QBE?AW3mask@ctype_base@std@@AB_W@Z
PUB,.text,0x00060e70,0x00460e70,144,A?$range_map@_W_W@Metrowerks@@QBE_WAB_W@Z,??A?$range_map@_W_W@Metrowerks@@QBE_WAB_W@Z
PUB,.text,0x00060f00,0x00460f00,96,Elength_error@std@@UAE@I@Z,??_Elength_error@std@@UAE@I@Z
PUB,.text,0x00060f60,0x00460f60,16,what@logic_error@std@@UBEPBDXZ,?what@logic_error@std@@UBEPBDXZ
PUB,.text,0x00060f70,0x00460f70,96,Elogic_error@std@@UAE@I@Z,??_Elogic_error@std@@UAE@I@Z
PUB,.text,0x00060fd0,0x00460fd0,128,lower_bound@?$@V?$__wrap_iterator@V?$vector@U?$range_map_entry@_W_W@Metrowerks@@V?$allocator@U?$range_map_entry@_W_W@Metrowerks@@@std@@@std@@PB$$CBU?$range_map_entry@_W_W@Metrowerks@@@std@@_W@2@YA?AV12@V12@0AB_W@Z,?lower_bound@?$@V?$__wrap_iterator@V?$vector@U?$range_map_entry@_W_W@Metrowerks@@V?$allocator@U?$range_map_entry@_W_W@Metrowerks@@@std@@@std@@PB$$CBU?$range_map_entry@_W_W@Metrowerks@@@std@@_W@2@YA?AV12@V12@0AB_W@Z
PUB,.text,0x00061050,0x00461050,128,lower_bound@?$@V?$__wrap_iterator@V?$vector@U?$range_map_entry@_WW3mask@ctype_base@std@@@Metrowerks@@V?$allocator@U?$range_map_entry@_WW3mask@ctype_base@std@@@Metrowerks@@@std@@@std@@PB$$CBU?$range_map_entry@_WW3mask@ctype_base@std@@@Metrowerks@@@std@@_W,?lower_bound@?$@V?$__wrap_iterator@V?$vector@U?$range_map_entry@_WW3mask@ctype_base@std@@@Metrowerks@@V?$allocator@U?$range_map_entry@_WW3mask@ctype_base@std@@@Metrowerks@@@std@@@std@@PB$$CBU?$range_map_entry@_WW3mask@ctype_base@std@@@Metrowerks@@@std@@_W
PUB,.text,0x000610d0,0x004610d0,208,erase@?$__vector_pod@KV?$allocator@K@std@@@std@@IAEPAKPAK0@Z,?erase@?$__vector_pod@KV?$allocator@K@std@@@std@@IAEPAKPAK0@Z
PUB,.text,0x000611a0,0x004611a0,864,insert@?$__vector_pod@KV?$allocator@K@std@@@std@@IAEXPAKIABK@Z,?insert@?$__vector_pod@KV?$allocator@K@std@@@std@@IAEXPAKIABK@Z
PUB,.text,0x00061500,0x00461500,16,@12@??_E?$basic_istream@DU?$char_traits@D@std@@@std@@UAE@I@Z,@12@??_E?$basic_istream@DU?$char_traits@D@std@@@std@@UAE@I@Z
PUB,.text,0x00061510,0x00461510,16,@8@??_E?$basic_ostream@DU?$char_traits@D@std@@@std@@UAE@I@Z,@8@??_E?$basic_ostream@DU?$char_traits@D@std@@@std@@UAE@I@Z
PUB,.text,0x00061520,0x00461520,16,@12@??_E?$basic_istream@_WU?$char_traits@_W@std@@@std@@UAE@I@Z,@12@??_E?$basic_istream@_WU?$char_traits@_W@std@@@std@@UAE@I@Z
PUB,.text,0x00061530,0x00461530,16,@8@??_E?$basic_ostream@_WU?$char_traits@_W@std@@@std@@UAE@I@Z,@8@??_E?$basic_ostream@_WU?$char_traits@_W@std@@@std@@UAE@I@Z
PUB,.text,0x00061540,0x00461540,48,register_global_object,___register_global_object
PUB,.text,0x00061570,0x00461570,48,destroy_global_chain,___destroy_global_chain
PUB,.text,0x000615a0,0x004615a0,64,register_atexit,___register_atexit
PUB,.text,0x000615e0,0x004615e0,64,rand,_rand
PUB,.text,0x00061620,0x00461620,16,srand,_srand
PUB,.text,0x00061630,0x00461630,64,KeyboardCallPollingProcs,_KeyboardCallPollingProcs
PUB,.text,0x00061670,0x00461670,48,KeyboardAddRoutine,_KeyboardAddRoutine
PUB,.text,0x000616a0,0x004616a0,80,KeyboardRemoveRoutine,_KeyboardRemoveRoutine
PUB,.text,0x000616f0,0x004616f0,48,KeyboardHasBeenPressedClear,_KeyboardHasBeenPressedClear
PUB,.text,0x00061720,0x00461720,32,KeyboardIsPressed,_KeyboardIsPressed
PUB,.text,0x00061740,0x00461740,32,KeyboardGet,_KeyboardGet
PUB,.text,0x00061760,0x00461760,64,KeyboardFlush,_KeyboardFlush
PUB,.text,0x000617a0,0x004617a0,592,JoystickReadButtons,_JoystickReadButtons
PUB,.text,0x000619f0,0x004619f0,336,JoystickInit,_JoystickInit
PUB,.text,0x00061b40,0x00461b40,16,JoystickDestroy,_JoystickDestroy
PUB,.text,0x00061b50,0x00461b50,192,JoystickSetDigital,_JoystickSetDigital
PUB,.text,0x00061c10,0x00461c10,368,LockVideoPage,_LockVideoPage
PUB,.text,0x00061d80,0x00461d80,64,UnlockVideoPage,_UnlockVideoPage
PUB,.text,0x00061dc0,0x00461dc0,464,UpdateAndNoPageFlip,_UpdateAndNoPageFlip
PUB,.text,0x00061f90,0x00461f90,48,UpdateAndPageFlip,_UpdateAndPageFlip
PUB,.text,0x00061fc0,0x00461fc0,480,ReleaseVideo,_ReleaseVideo
PUB,.text,0x000621a0,0x004621a0,3584,SetDisplayToSize,_SetDisplayToSize
PUB,.text,0x00062fa0,0x00462fa0,640,GetDirectXVersion,_GetDirectXVersion
PUB,.text,0x00063220,0x00463220,560,DrawARect,_DrawARect
PUB,.text,0x00063450,0x00463450,96,Win95Allow1Instance,_Win95Allow1Instance
PUB,.text,0x000634b0,0x004634b0,32,HideCursor,_HideCursor
PUB,.text,0x000634d0,0x004634d0,32,GetPenState,_GetPenState
PUB,.text,0x000634f0,0x004634f0,32,SetPenState,_SetPenState
PUB,.text,0x00063510,0x00463510,32,ForeColor,_ForeColor
PUB,.text,0x00063530,0x00463530,32,MacSetRect,_MacSetRect
PUB,.text,0x00063550,0x00463550,32,PaintRect,_PaintRect
PUB,.text,0x00063570,0x00463570,32,EraseRect,_EraseRect
PUB,.text,0x00063590,0x00463590,32,CopyBits,_CopyBits
PUB,.text,0x000635b0,0x004635b0,32,RGBForeColor,_RGBForeColor
PUB,.text,0x000635d0,0x004635d0,26,OpColor,_OpColor
PUB,.text,0x000635ea,0x004635ea,23,StringGetLength,_StringGetLength
PUB,.text,0x00063601,0x00463601,62,StringDuplicate,_StringDuplicate
PUB,.text,0x0006363f,0x0046363f,36,StringCopy,_StringCopy
PUB,.text,0x00063663,0x00463663,55,StringCopySafe,_StringCopySafe
PUB,.text,0x0006369a,0x0046369a,45,StringAppend,_StringAppend
PUB,.text,0x000636c7,0x004636c7,73,StringAppendSafe,_StringAppendSafe
PUB,.text,0x00063710,0x00463710,54,StringCompare,_StringCompare
PUB,.text,0x00063746,0x00463746,63,StringFindString,_StringFindString
PUB,.text,0x00063785,0x00463785,39,StringFindDelimiter,_StringFindDelimiter
PUB,.text,0x000637ac,0x004637ac,94,StringFromNumber,_StringFromNumber
PUB,.text,0x0006380a,0x0046380a,41,StringToNumber,_StringToNumber
PUB,.text,0x00063833,0x00463833,123,String2UpperCopySafe,_String2UpperCopySafe
PUB,.text,0x000638ae,0x004638ae,17,String2Upper,_String2Upper
PUB,.text,0x000638bf,0x004638bf,49,StringFormatSafe,_StringFormatSafe
PUB,.text,0x000638f0,0x004638f0,1697,StringFormatVarg,_StringFormatVarg
PUB,.text,0x00063f91,0x00463f91,295,StringFormatNumber,__StringFormatNumber
PUB,.text,0x000640b8,0x004640b8,184,StringFormatString,__StringFormatString
PUB,.text,0x00064170,0x00464170,64,chkstk,__chkstk
PUB,.text,0x000641b0,0x004641b0,16,stack_alloc,__stack_alloc
PUB,.text,0x000641c0,0x004641c0,96,KeyboardGetch,_KeyboardGetch
PUB,.text,0x00064220,0x00464220,80,KeyboardKbhit,_KeyboardKbhit
PUB,.text,0x00064270,0x00464270,1504,Win95ProcessMessage,_Win95ProcessMessage
PUB,.text,0x00064850,0x00464850,144,ProcessSystemEvents,_ProcessSystemEvents
PUB,.text,0x000648e0,0x004648e0,80,KeyboardInit,_KeyboardInit
PUB,.text,0x00064930,0x00464930,16,KeyboardDestroy,_KeyboardDestroy
PUB,.text,0x00064940,0x00464940,32,SetAPixel,_SetAPixel
PUB,.text,0x00064960,0x00464960,1040,DrawALine,_DrawALine
PUB,.text,0x00064d70,0x00464d70,208,DrawARectRemap,_DrawARectRemap
PUB,.text,0x00064e40,0x00464e40,304,DrawShapeLowLevel,_DrawShapeLowLevel
PUB,.text,0x00064f70,0x00464f70,144,Video555To565,_Video555To565
PUB,.text,0x00065000,0x00465000,64,OSCursorSet,_OSCursorSet
PUB,.text,0x00065040,0x00465040,32,OSCursorShow,_OSCursorShow
PUB,.text,0x00065060,0x00465060,32,OSCursorHide,_OSCursorHide
PUB,.text,0x00065080,0x00465080,96,OSCursorReset,_OSCursorReset
PUB,.text,0x000650e0,0x004650e0,16,OSCursorIsVisible,_OSCursorIsVisible
PUB,.text,0x000650f0,0x004650f0,32,QTMLInitInternals,_QTMLInitInternals
PUB,.text,0x00065110,0x00465110,32,QTMLTermInternals,_QTMLTermInternals
PUB,.text,0x00065130,0x00465130,32,NewHandle,_NewHandle
PUB,.text,0x00065150,0x00465150,32,HLock,_HLock
PUB,.text,0x00065170,0x00465170,32,DisposeHandle,_DisposeHandle
PUB,.text,0x00065190,0x00465190,16,callQTMLInitInternals,_callQTMLInitInternals
PUB,.text,0x000651a0,0x004651a0,16,callQTMLTermInternals,_callQTMLTermInternals
PUB,.text,0x000651b0,0x004651b0,1072,BogusDispatcher,_BogusDispatcher
PUB,.text,0x000655e0,0x004655e0,432,InitializeQTML,_InitializeQTML
PUB,.text,0x00065790,0x00465790,176,TerminateQTML,_TerminateQTML
PUB,.text,0x00065840,0x00465840,32,CallComponent,_CallComponent
PUB,.text,0x00065860,0x00465860,32,CloseComponent,_CloseComponent
PUB,.text,0x00065880,0x00465880,32,OpenADefaultComponent,_OpenADefaultComponent
PUB,.text,0x000658a0,0x004658a0,64,GraphicsImportSetDataHandle,_GraphicsImportSetDataHandle
PUB,.text,0x000658e0,0x004658e0,64,GraphicsImportGetImageDescription,_GraphicsImportGetImageDescription
PUB,.text,0x00065920,0x00465920,48,GraphicsImportDraw,_GraphicsImportDraw
PUB,.text,0x00065950,0x00465950,144,GraphicsImportSetGWorld,_GraphicsImportSetGWorld
PUB,.text,0x000659e0,0x004659e0,544,std::set_new_handler,?set_new_handler@std@@YAP6AXXZP6AXXZ@Z
PUB,.text,0x00065c00,0x00465c00,672,InitMemory,_InitMemory
PUB,.text,0x00065ea0,0x00465ea0,832,AllocAHandle2,_AllocAHandle2
PUB,.text,0x000661e0,0x004661e0,48,AllocAPointer,_AllocAPointer
PUB,.text,0x00066210,0x00466210,144,DeallocAHandle,_DeallocAHandle
PUB,.text,0x000662a0,0x004662a0,32,DeallocAPointer,_DeallocAPointer
PUB,.text,0x000662c0,0x004662c0,192,ResizeAHandle,_ResizeAHandle
PUB,.text,0x00066380,0x00466380,32,GetAHandleSize,_GetAHandleSize
PUB,.text,0x000663a0,0x004663a0,96,GetTotalFreeMem,_GetTotalFreeMem
PUB,.text,0x00066400,0x00466400,32,LockAHandle,_LockAHandle
PUB,.text,0x00066420,0x00466420,16,UnlockAHandle,_UnlockAHandle
PUB,.text,0x00066430,0x00466430,96,SetHandlePurgeFlag,_SetHandlePurgeFlag
PUB,.text,0x00066490,0x00466490,144,PurgeAHandle,_PurgeAHandle
PUB,.text,0x00066520,0x00466520,80,PurgeHandles,_PurgeHandles
PUB,.text,0x00066570,0x00466570,336,CompactHandles,_CompactHandles
PUB,.text,0x000666c0,0x004666c0,480,DebugAllocAPointer,_DebugAllocAPointer
PUB,.text,0x000668a0,0x004668a0,128,DumpHandles,_DumpHandles
PUB,.text,0x00066920,0x00466920,192,DebugAddSourceLine,_DebugAddSourceLine
PUB,.text,0x000669e0,0x004669e0,208,DebugRemoveSourceLine,_DebugRemoveSourceLine
PUB,.text,0x00066ab0,0x00466ab0,96,DebugAllocAHandle2,_DebugAllocAHandle2
PUB,.text,0x00066b10,0x00466b10,96,DebugAllocAHandleClear,_DebugAllocAHandleClear
PUB,.text,0x00066b70,0x00466b70,48,DebugAllocAPointerClear,_DebugAllocAPointerClear
PUB,.text,0x00066ba0,0x00466ba0,48,DebugDeallocAHandle,_DebugDeallocAHandle
PUB,.text,0x00066bd0,0x00466bd0,48,DebugDeallocAPointer,_DebugDeallocAPointer
PUB,.text,0x00066c00,0x00466c00,48,AllocAPointerClear,_AllocAPointerClear
PUB,.text,0x00066c30,0x00466c30,32,NewGWorld,_NewGWorld
PUB,.text,0x00066c50,0x00466c50,32,LockPixels,_LockPixels
PUB,.text,0x00066c70,0x00466c70,32,DisposeGWorld,_DisposeGWorld
PUB,.text,0x00066c90,0x00466c90,32,SetGWorld,_SetGWorld
PUB,.text,0x00066cb0,0x00466cb0,32,GetPixBaseAddr,_GetPixBaseAddr
PUB,.text,0x00066cd0,0x00466cd0,32,GetGWorldPixMap,_GetGWorldPixMap
PUB,.text,0x00066cf0,0x00466cf0,1296,RT3_DisplayNotice,_RT3_DisplayNotice
PUB,.text,0x00067200,0x00467200,496,ST_Open,_ST_Open
PUB,.text,0x000673f0,0x004673f0,112,ST_Close,_ST_Close
PUB,.text,0x00067460,0x00467460,48,ST_SetVolume,_ST_SetVolume
PUB,.text,0x00067490,0x00467490,32,ST_GetSysVolume,_ST_GetSysVolume
PUB,.text,0x000674b0,0x004674b0,336,ST_LoadIndirect,_ST_LoadIndirect
PUB,.text,0x00067600,0x00467600,608,ST_PlaySoundParam,_ST_PlaySoundParam
PUB,.text,0x00067860,0x00467860,112,ST_IsSoundPlaying,_ST_IsSoundPlaying
PUB,.text,0x000678d0,0x004678d0,272,ST_HaltSound,_ST_HaltSound
PUB,.text,0x000679e0,0x004679e0,144,ST_HaltASound,__ST_HaltASound
PUB,.text,0x00067a70,0x00467a70,1136,ST_SoundRefCreate,__ST_SoundRefCreate
PUB,.text,0x00067ee0,0x00467ee0,64,ST_MixerDispatch,__ST_MixerDispatch
PUB,.text,0x00067f20,0x00467f20,336,ST_CheckAIFF,__ST_CheckAIFF
PUB,.text,0x00068070,0x00468070,2032,ST_ParseAIFF,__ST_ParseAIFF
PUB,.text,0x00068860,0x00468860,240,ST_CheckWAVE,__ST_CheckWAVE
PUB,.text,0x00068950,0x00468950,1567,ST_ParseWAVE,__ST_ParseWAVE
PUB,.text,0x00068f6f,0x00468f6f,54,MemoryGetSize,_MemoryGetSize
PUB,.text,0x00068fa5,0x00468fa5,51,MemoryAllocate,_MemoryAllocate
PUB,.text,0x00068fd8,0x00468fd8,38,MemoryDeallocate,_MemoryDeallocate
PUB,.text,0x00068ffe,0x00468ffe,43,MemoryChecksum,_MemoryChecksum
PUB,.text,0x00069029,0x00469029,19,MemoryClear,_MemoryClear
PUB,.text,0x0006903c,0x0046903c,87,MemoryFill,_MemoryFill
PUB,.text,0x00069093,0x00469093,30,MemoryCopy,_MemoryCopy
PUB,.text,0x000690b1,0x004690b1,30,MemoryMove,_MemoryMove
PUB,.text,0x000690cf,0x004690cf,136,IndirectPreflight,_IndirectPreflight
PUB,.text,0x00069157,0x00469157,181,IndirectAllocate,_IndirectAllocate
PUB,.text,0x0006920c,0x0046920c,34,IndirectAllocateTempMem,_IndirectAllocateTempMem
PUB,.text,0x0006922e,0x0046922e,76,IndirectDuplicate,_IndirectDuplicate
PUB,.text,0x0006927a,0x0046927a,69,IndirectInitialize,_IndirectInitialize
PUB,.text,0x000692bf,0x004692bf,117,IndirectDeallocate,_IndirectDeallocate
PUB,.text,0x00069334,0x00469334,21,IndirectGetSize,_IndirectGetSize
PUB,.text,0x00069349,0x00469349,105,IndirectSetSize,_IndirectSetSize
PUB,.text,0x000693b2,0x004693b2,21,IndirectGetLock,_IndirectGetLock
PUB,.text,0x000693c7,0x004693c7,41,IndirectSetLock,_IndirectSetLock
PUB,.text,0x000693f0,0x004693f0,125,IndirectAppend,_IndirectAppend
PUB,.text,0x0006946d,0x0046946d,105,IndirectAppendData,_IndirectAppendData
PUB,.text,0x000694d6,0x004694d6,88,IndirectReplaceData,_IndirectReplaceData
PUB,.text,0x0006952e,0x0046952e,2914,IndirectCompress,_IndirectCompress
PUB,.text,0x0006a090,0x0046a090,2304,IndirectDecompress,_IndirectDecompress
PUB,.text,0x0006a990,0x0046a990,192,IndirectValidate,__IndirectValidate
PUB,.text,0x0006aa50,0x0046aa50,192,OpenADirectory,_OpenADirectory
PUB,.text,0x0006ab10,0x0046ab10,432,GetADirectoryEntry,_GetADirectoryEntry
PUB,.text,0x0006acc0,0x0046acc0,288,ExpandAPathToBufferNative,_ExpandAPathToBufferNative
PUB,.text,0x0006ade0,0x0046ade0,160,GetAVolumeName,_GetAVolumeName
PUB,.text,0x0006ae80,0x0046ae80,224,SetDefaultPrefixs,_SetDefaultPrefixs
PUB,.text,0x0006af60,0x0046af60,256,ConvertNativePathToPath,_ConvertNativePathToPath
PUB,.text,0x0006b060,0x0046b060,16,MouseInit,_MouseInit
PUB,.text,0x0006b070,0x0046b070,16,MouseReadButtons,_MouseReadButtons
PUB,.text,0x0006b080,0x0046b080,96,MouseReadAbs,_MouseReadAbs
PUB,.text,0x0006b0e0,0x0046b0e0,224,MouseSetRange,_MouseSetRange
PUB,.text,0x0006b1c0,0x0046b1c0,64,OpenAFile,_OpenAFile
PUB,.text,0x0006b200,0x0046b200,352,ExpandAPathToBuffer,_ExpandAPathToBuffer
PUB,.text,0x0006b360,0x0046b360,48,ExpandAPathNative,_ExpandAPathNative
PUB,.text,0x0006b390,0x0046b390,176,SetAPrefix,_SetAPrefix
PUB,.text,0x0006b440,0x0046b440,160,PopAPrefix,_PopAPrefix
PUB,.text,0x0006b4e0,0x0046b4e0,128,FindAVolumeByName,_FindAVolumeByName
PUB,.text,0x0006b560,0x0046b560,224,chdir,_chdir
PUB,.text,0x0006b640,0x0046b640,1168,leap_year,___leap_year
PUB,.text,0x0006bad0,0x0046bad0,144,mktime,_mktime
PUB,.text,0x0006bb60,0x0046bb60,32,time,_time
PUB,.text,0x0006bb80,0x0046bb80,144,asctime,_asctime
PUB,.text,0x0006bc10,0x0046bc10,32,ctime,_ctime
PUB,.text,0x0006bc30,0x0046bc30,96,localtime,_localtime
PUB,.text,0x0006bc90,0x0046bc90,1712,LaunchURL,_LaunchURL
PUB,.text,0x0006c340,0x0046c340,64,init_pool_obj,___init_pool_obj
PUB,.text,0x0006c380,0x0046c380,384,allocate_from_fixed_pools,_allocate_from_fixed_pools
PUB,.text,0x0006c500,0x0046c500,208,deallocate_from_fixed_pools,_deallocate_from_fixed_pools
PUB,.text,0x0006c5d0,0x0046c5d0,80,pool_alloc,___pool_alloc
PUB,.text,0x0006c620,0x0046c620,80,pool_free,___pool_free
PUB,.text,0x0006c670,0x0046c670,368,pool_realloc,___pool_realloc
PUB,.text,0x0006c7e0,0x0046c7e0,48,malloc,_malloc
PUB,.text,0x0006c810,0x0046c810,48,free,_free
PUB,.text,0x0006c840,0x0046c840,64,realloc,_realloc
PUB,.text,0x0006c880,0x0046c880,48,pool_free_all,___pool_free_all
PUB,.text,0x0006c8b0,0x0046c8b0,13,malloc_free_all,___malloc_free_all
PUB,.text,0x0006c8bd,0x0046c8bd,783,inflate,_inflate
PUB,.text,0x0006cbcc,0x0046cbcc,23,inflateInit_,_inflateInit_
PUB,.text,0x0006cbe3,0x0046cbe3,397,inflateInit2_,_inflateInit2_
PUB,.text,0x0006cd70,0x0046cd70,65,inflateEnd,_inflateEnd
PUB,.text,0x0006cdb1,0x0046cdb1,79,inflateReset,_inflateReset
PUB,.text,0x0006ce00,0x0046ce00,672,PaletteSetPtr,_PaletteSetPtr
PUB,.text,0x0006d0a0,0x0046d0a0,32,abort,_abort
PUB,.text,0x0006d0c0,0x0046d0c0,48,atexit,_atexit
PUB,.text,0x0006d0f0,0x0046d0f0,32,exit,_exit
PUB,.text,0x0006d110,0x0046d110,48,exit,___exit
PUB,.text,0x0006d140,0x0046d140,32,EnterMovies,_EnterMovies
PUB,.text,0x0006d160,0x0046d160,32,ExitMovies,_ExitMovies
PUB,.text,0x0006d180,0x0046d180,32,FastMemSet,_FastMemSet
PUB,.text,0x0006d1a0,0x0046d1a0,128,Fatal,_Fatal
PUB,.text,0x0006d220,0x0046d220,80,NonFatal,_NonFatal
PUB,.text,0x0006d270,0x0046d270,16,SetErrBombFlag,_SetErrBombFlag
PUB,.text,0x0006d280,0x0046d280,48,DebugXLongWord,_DebugXLongWord
PUB,.text,0x0006d2b0,0x0046d2b0,272,DebugXMessage,_DebugXMessage
PUB,.text,0x0006d3c0,0x0046d3c0,96,DigitalSoundCheckOff,_DigitalSoundCheckOff
PUB,.text,0x0006d420,0x0046d420,624,InitDigitalDriver,_InitDigitalDriver
PUB,.text,0x0006d690,0x0046d690,128,KillDigitalDriver,_KillDigitalDriver
PUB,.text,0x0006d710,0x0046d710,32,EnableSoundShutdownProc,_EnableSoundShutdownProc
PUB,.text,0x0006d730,0x0046d730,128,FindIffChunk,_FindIffChunk
PUB,.text,0x0006d7b0,0x0046d7b0,144,ConvertAiffExtended,_ConvertAiffExtended
PUB,.text,0x0006d840,0x0046d840,128,SoundIterator,_SoundIterator
PUB,.text,0x0006d8c0,0x0046d8c0,240,get_char,___get_char
PUB,.text,0x0006d9b0,0x0046d9b0,192,ungetc,_ungetc
PUB,.text,0x0006da70,0x0046da70,320,put_char,___put_char
PUB,.text,0x0006dbb0,0x0046dbb0,256,WinMainCRTStartup,_WinMainCRTStartup
PUB,.text,0x0006dcb0,0x0046dcb0,48,InitializeThreadDataIndex,__InitializeThreadDataIndex
PUB,.text,0x0006dce0,0x0046dce0,48,DisposeThreadDataIndex,__DisposeThreadDataIndex
PUB,.text,0x0006dd10,0x0046dd10,496,InitializeThreadData,__InitializeThreadData
PUB,.text,0x0006df00,0x0046df00,48,InitializeMainThreadData,__InitializeMainThreadData
PUB,.text,0x0006df30,0x0046df30,64,DisposeAllThreadData,__DisposeAllThreadData
PUB,.text,0x0006df70,0x0046df70,96,GetThreadLocalData,__GetThreadLocalData
PUB,.text,0x0006dfd0,0x0046dfd0,48,rt_mul64@16,__rt_mul64@16
PUB,.text,0x0006e000,0x0046e000,112,rt_divu64@16,__rt_divu64@16
PUB,.text,0x0006e070,0x0046e070,128,rt_divs64@16,__rt_divs64@16
PUB,.text,0x0006e0f0,0x0046e0f0,240,rt_modu64@16,__rt_modu64@16
PUB,.text,0x0006e1e0,0x0046e1e0,368,num2dec,___num2dec
PUB,.text,0x0006e350,0x0046e350,208,dec2num,___dec2num
PUB,.text,0x0006e420,0x0046e420,48,mbtowc,_mbtowc
PUB,.text,0x0006e450,0x0046e450,64,mbtowc_noconv,___mbtowc_noconv
PUB,.text,0x0006e490,0x0046e490,32,wctomb_noconv,___wctomb_noconv
PUB,.text,0x0006e4b0,0x0046e4b0,32,wctomb,_wctomb
PUB,.text,0x0006e4d0,0x0046e4d0,128,wcstombs,_wcstombs
PUB,.text,0x0006e550,0x0046e550,96,find_unopened_file,___find_unopened_file
PUB,.text,0x0006e5b0,0x0046e5b0,160,init_file,___init_file
PUB,.text,0x0006e650,0x0046e650,128,close_all,___close_all
PUB,.text,0x0006e6d0,0x0046e6d0,64,flush_all,___flush_all
PUB,.text,0x0006e710,0x0046e710,96,flush_line_buffered_output_files,___flush_line_buffered_output_files
PUB,.text,0x0006e770,0x0046e770,114,fwide,_fwide
PUB,.text,0x0006e7e2,0x0046e7e2,6,EnterCriticalSection@4,_EnterCriticalSection@4
PUB,.text,0x0006e7e8,0x0046e7e8,56,LeaveCriticalSection@4,_LeaveCriticalSection@4
PUB,.text,0x0006e820,0x0046e820,80,msl_GetHandle,___msl_GetHandle
PUB,.text,0x0006e870,0x0046e870,112,msl_lseek,___msl_lseek
PUB,.text,0x0006e8e0,0x0046e8e0,272,msl_write,___msl_write
PUB,.text,0x0006e9f0,0x0046e9f0,96,msl_close,___msl_close
PUB,.text,0x0006ea50,0x0046ea50,256,msl_read,___msl_read
PUB,.text,0x0006eb50,0x0046eb50,432,msl_open,___msl_open
PUB,.text,0x0006ed00,0x0046ed00,192,open_file,___open_file
PUB,.text,0x0006edc0,0x0046edc0,64,read_file,___read_file
PUB,.text,0x0006ee00,0x0046ee00,48,write_file,___write_file
PUB,.text,0x0006ee30,0x0046ee30,48,position_file,___position_file
PUB,.text,0x0006ee60,0x0046ee60,96,close_file,___close_file
PUB,.text,0x0006eec0,0x0046eec0,32,delete_file,___delete_file
PUB,.text,0x0006eee0,0x0046eee0,16,clearerr,_clearerr
PUB,.text,0x0006eef0,0x0046eef0,16,stdio_atexit,___stdio_atexit
PUB,.text,0x0006ef00,0x0046ef00,16,convert_from_newlines,___convert_from_newlines
PUB,.text,0x0006ef10,0x0046ef10,16,convert_to_newlines,___convert_to_newlines
PUB,.text,0x0006ef20,0x0046ef20,48,prep_buffer,___prep_buffer
PUB,.text,0x0006ef50,0x0046ef50,176,load_buffer,___load_buffer
PUB,.text,0x0006f000,0x0046f000,112,flush_buffer,___flush_buffer
PUB,.text,0x0006f070,0x0046f070,336,setvbuf,_setvbuf
PUB,.text,0x0006f1c0,0x0046f1c0,80,dup_core,___dup_core
PUB,.text,0x0006f210,0x0046f210,480,set_errno,___set_errno
PUB,.text,0x0006f3f0,0x0046f3f0,352,get_MSL_init_count,___get_MSL_init_count
PUB,.text,0x0006f550,0x0046f550,96,CRTStartup,__CRTStartup
PUB,.text,0x0006f5b0,0x0046f5b0,128,CleanUpMSL,__CleanUpMSL
PUB,.text,0x0006f630,0x0046f630,2896,RegisterExceptionTables,__RegisterExceptionTables
PUB,.text,0x00070180,0x00470180,144,unexpected,___unexpected
PUB,.text,0x00070210,0x00470210,1232,1bad_exception@std@@UAE@XZ,??1bad_exception@std@@UAE@XZ
PUB,.text,0x000706e0,0x004706e0,128,throw,___throw
PUB,.text,0x00070760,0x00470760,192,ExX86_FindCatcher,_ExX86_FindCatcher
PUB,.text,0x00070820,0x00470820,80,Ebad_exception@std@@UAE@I@Z,??_Ebad_exception@std@@UAE@I@Z
PUB,.text,0x00070870,0x00470870,48,what@bad_exception@std@@UBEPBDXZ,?what@bad_exception@std@@UBEPBDXZ
PUB,.text,0x000708a0,0x004708a0,112,destroy_new_array,___destroy_new_array
PUB,.text,0x00070910,0x00470910,336,inline_pow,__inline_pow
PUB,.text,0x00070a60,0x00470a60,26,reduce,__reduce
PUB,.text,0x00070a7a,0x00470a7a,6,InitializeCriticalSection@4,_InitializeCriticalSection@4
PUB,.text,0x00070a80,0x00470a80,369,ThreadsPreflight,_ThreadsPreflight
PUB,.text,0x00070bf1,0x00470bf1,255,ThreadsPostflight,_ThreadsPostflight
PUB,.text,0x00070cf0,0x00470cf0,282,ThreadDispose,_ThreadDispose
PUB,.text,0x00070e0a,0x00470e0a,145,MutexDispose,_MutexDispose
PUB,.text,0x00070e9b,0x00470e9b,156,MutexRequest,_MutexRequest
PUB,.text,0x00070f37,0x00470f37,141,CriticalCreate,_CriticalCreate
PUB,.text,0x00070fc4,0x00470fc4,67,CriticalDispose,_CriticalDispose
PUB,.text,0x00071007,0x00471007,58,CriticalEnter,_CriticalEnter
PUB,.text,0x00071041,0x00471041,74,CriticalLeave,_CriticalLeave
PUB,.text,0x0007108b,0x0047108b,455,ThreadCheckCritical,__ThreadCheckCritical
PUB,.text,0x00071252,0x00471252,35,AtomicEnterCritical,_AtomicEnterCritical
PUB,.text,0x00071275,0x00471275,35,AtomicLeaveCritical,_AtomicLeaveCritical
PUB,.text,0x00071298,0x00471298,92,AtomicIncrement,_AtomicIncrement
PUB,.text,0x000712f4,0x004712f4,132,AtomicMaskApply,_AtomicMaskApply
PUB,.text,0x00071378,0x00471378,138,AtomicMaskClear,_AtomicMaskClear
PUB,.text,0x00071402,0x00471402,36,AtomicMaskTest,_AtomicMaskTest
PUB,.text,0x00071426,0x00471426,16,AtomicCheckCritical,__AtomicCheckCritical
PUB,.text,0x00071436,0x00471436,8,AtomicResetCritical,__AtomicResetCritical
PUB,.text,0x0007143e,0x0047143e,6,DeleteCriticalSection@4,_DeleteCriticalSection@4
PUB,.text,0x00071444,0x00471444,342,FT_Open,_FT_Open
PUB,.text,0x0007159a,0x0047159a,132,FT_Close,_FT_Close
PUB,.text,0x0007161e,0x0047161e,159,FT_PathCreate,_FT_PathCreate
PUB,.text,0x000716bd,0x004716bd,65,FT_PathCurrent,_FT_PathCurrent
PUB,.text,0x000716fe,0x004716fe,48,FT_PathDispose,_FT_PathDispose
PUB,.text,0x0007172e,0x0047172e,696,FT_FileCreate,_FT_FileCreate
PUB,.text,0x000719e6,0x004719e6,400,FT_FileDelete,_FT_FileDelete
PUB,.text,0x00071b76,0x00471b76,552,FT_FileGetFlags,_FT_FileGetFlags
PUB,.text,0x00071d9e,0x00471d9e,249,FT_FileOpen,_FT_FileOpen
PUB,.text,0x00071e97,0x00471e97,161,FT_FileClose,_FT_FileClose
PUB,.text,0x00071f38,0x00471f38,66,FT_FileFlush,_FT_FileFlush
PUB,.text,0x00071f7a,0x00471f7a,52,FT_FileRead,_FT_FileRead
PUB,.text,0x00071fae,0x00471fae,37,FT_FileWrite,_FT_FileWrite
PUB,.text,0x00071fd3,0x00471fd3,29,FT_FileGetEOF,_FT_FileGetEOF
PUB,.text,0x00071ff0,0x00471ff0,29,FT_FileSetEOF,_FT_FileSetEOF
PUB,.text,0x0007200d,0x0047200d,212,FT_FileLoad,_FT_FileLoad
PUB,.text,0x000720e1,0x004720e1,694,FT_FileSave,_FT_FileSave
PUB,.text,0x00072397,0x00472397,9,FT_GetResFile,_FT_GetResFile
PUB,.text,0x000723a0,0x004723a0,186,FT_ResourceLoad,_FT_ResourceLoad
PUB,.text,0x0007245a,0x0047245a,183,FT_VirtualPathMount,_FT_VirtualPathMount
PUB,.text,0x00072511,0x00472511,47,FT_VirtualFileOpen,_FT_VirtualFileOpen
PUB,.text,0x00072540,0x00472540,832,strtoul,___strtoul
PUB,.text,0x00072880,0x00472880,976,strtoull,___strtoull
PUB,.text,0x00072c50,0x00472c50,4384,strtold,___strtold
PUB,.text,0x00073d70,0x00473d70,112,1ios_base@std@@UAE@XZ,??1ios_base@std@@UAE@XZ
PUB,.text,0x00073de0,0x00473de0,192,init@ios_base@std@@IAEXPAX@Z,?init@ios_base@std@@IAEXPAX@Z
PUB,.text,0x00073ea0,0x00473ea0,32,wmemcpy,_wmemcpy
PUB,.text,0x00073ec0,0x00473ec0,96,global@locale@std@@CAAAV12@XZ,?global@locale@std@@CAAAV12@XZ
PUB,.text,0x00073f20,0x00473f20,160,classic@locale@std@@SAABV12@XZ,?classic@locale@std@@SAABV12@XZ
PUB,.text,0x00073fc0,0x00473fc0,32,1?$vector@PAVfacet@locale@std@@V?$allocator@PAVfacet@locale@std@@@3@@std@@QAE@XZ,??1?$vector@PAVfacet@locale@std@@V?$allocator@PAVfacet@locale@std@@@3@@std@@QAE@XZ
PUB,.text,0x00073fe0,0x00473fe0,80,0?$ctype@D@std@@QAE@PBW3mask@ctype_base@1@_NI@Z,??0?$ctype@D@std@@QAE@PBW3mask@ctype_base@1@_NI@Z
PUB,.text,0x00074030,0x00474030,48,1?$ctype@D@std@@MAE@XZ,??1?$ctype@D@std@@MAE@XZ
PUB,.text,0x00074060,0x00474060,16,do_toupper@?$ctype@D@std@@MBEDD@Z,?do_toupper@?$ctype@D@std@@MBEDD@Z
PUB,.text,0x00074070,0x00474070,48,do_toupper@?$ctype@D@std@@MBEPBDPADPBD@Z,?do_toupper@?$ctype@D@std@@MBEPBDPADPBD@Z
PUB,.text,0x000740a0,0x004740a0,16,do_tolower@?$ctype@D@std@@MBEDD@Z,?do_tolower@?$ctype@D@std@@MBEDD@Z
PUB,.text,0x000740b0,0x004740b0,48,do_tolower@?$ctype@D@std@@MBEPBDPADPBD@Z,?do_tolower@?$ctype@D@std@@MBEPBDPADPBD@Z
PUB,.text,0x000740e0,0x004740e0,16,do_widen@?$ctype@D@std@@MBEDD@Z,?do_widen@?$ctype@D@std@@MBEDD@Z
PUB,.text,0x000740f0,0x004740f0,48,do_widen@?$ctype@D@std@@MBEPBDPBD0PAD@Z,?do_widen@?$ctype@D@std@@MBEPBDPBD0PAD@Z
PUB,.text,0x00074120,0x00474120,16,do_narrow@?$ctype@D@std@@MBEDDD@Z,?do_narrow@?$ctype@D@std@@MBEDDD@Z
PUB,.text,0x00074130,0x00474130,48,do_narrow@?$ctype@D@std@@MBEPBDPBD0DPAD@Z,?do_narrow@?$ctype@D@std@@MBEPBDPBD0DPAD@Z
PUB,.text,0x00074160,0x00474160,80,E?$ctype@D@std@@UAE@I@Z,??_E?$ctype@D@std@@UAE@I@Z
PUB,.text,0x000741b0,0x004741b0,128,0?$_RefCountedPtr@V?$__locale_imp@$00@std@@U?$_Single@V?$__locale_imp@$00@std@@@2@@std@@QAE@PAV?$__locale_imp@$00@1@@Z,??0?$_RefCountedPtr@V?$__locale_imp@$00@std@@U?$_Single@V?$__locale_imp@$00@std@@@2@@std@@QAE@PAV?$__locale_imp@$00@1@@Z
PUB,.text,0x00074230,0x00474230,208,0?$basic_string@DU?$char_traits@D@std@@V?$allocator@D@2@@std@@QAE@PBDABV?$allocator@D@1@@Z,??0?$basic_string@DU?$char_traits@D@std@@V?$allocator@D@2@@std@@QAE@PBDABV?$allocator@D@1@@Z
PUB,.text,0x00074300,0x00474300,160,init@?$basic_string@DU?$char_traits@D@std@@V?$allocator@D@2@@std@@AAEXPBD0ABV?$allocator@D@2@Urandom_access_iterator_tag@2@@Z,?init@?$basic_string@DU?$char_traits@D@std@@V?$allocator@D@2@@std@@AAEXPBD0ABV?$allocator@D@2@Urandom_access_iterator_tag@2@@Z
PUB,.text,0x000743a0,0x004743a0,144,stricmp,_stricmp
PUB,.text,0x00074430,0x00474430,160,ResourceRelease,_ResourceRelease
PUB,.text,0x000744d0,0x004744d0,96,OkAlertMessage,_OkAlertMessage
PUB,.text,0x00074530,0x00474530,160,DebugXString,_DebugXString
PUB,.text,0x000745d0,0x004745d0,128,LongWordToAscii2,_LongWordToAscii2
PUB,.text,0x00074650,0x00474650,119,LongWordToAsciiHex2,_LongWordToAsciiHex2
PUB,.text,0x000746c7,0x004746c7,452,DT_Open,_DT_Open
PUB,.text,0x0007488b,0x0047488b,6,DT_IsOpen,_DT_IsOpen
PUB,.text,0x00074891,0x00474891,552,DT_SurfaceCreate,__DT_SurfaceCreate
PUB,.text,0x00074ab9,0x00474ab9,170,DT_SurfaceDispose,__DT_SurfaceDispose
PUB,.text,0x00074b63,0x00474b63,14,DT_SurfaceGetContext,__DT_SurfaceGetContext
PUB,.text,0x00074b71,0x00474b71,14,DT_SurfaceGetImage,__DT_SurfaceGetImage
PUB,.text,0x00074b7f,0x00474b7f,41,DT_SurfaceGetAlpha,__DT_SurfaceGetAlpha
PUB,.text,0x00074ba8,0x00474ba8,11,DT_ContextGetContext,__DT_ContextGetContext
PUB,.text,0x00074bb3,0x00474bb3,11,DT_ImageGetImage,__DT_ImageGetImage
PUB,.text,0x00074bbe,0x00474bbe,11,DT_ImageGetAlpha,__DT_ImageGetAlpha
PUB,.text,0x00074bc9,0x00474bc9,251,DT_ImageFileFormat,_DT_ImageFileFormat
PUB,.text,0x00074cc4,0x00474cc4,289,DT_ImageFileLoad,_DT_ImageFileLoad
PUB,.text,0x00074de5,0x00474de5,36,DT_ImageGetRect,_DT_ImageGetRect
PUB,.text,0x00074e09,0x00474e09,289,DT_ImageGetInfo,_DT_ImageGetInfo
PUB,.text,0x00074f2a,0x00474f2a,133,DT_ImageLock,_DT_ImageLock
PUB,.text,0x00074faf,0x00474faf,48,DT_ImageUnlock,_DT_ImageUnlock
PUB,.text,0x00074fdf,0x00474fdf,52942,DT_PeekAtSysContext,_DT_PeekAtSysContext
PUB,.text,0x00081ead,0x00481ead,2651,DT_ImageCopy,_DT_ImageCopy
PUB,.text,0x00082908,0x00482908,1652,DT_ImageTile,_DT_ImageTile
PUB,.text,0x00082f7c,0x00482f7c,246,DT_PaletteToInverse,__DT_PaletteToInverse
PUB,.text,0x00083072,0x00483072,847,DT_ImageCalcFormat,__DT_ImageCalcFormat
PUB,.text,0x000833c1,0x004833c1,57,DT_ImageCalcStamp,__DT_ImageCalcStamp
PUB,.text,0x000833fa,0x004833fa,117,DT_ImageReplace,__DT_ImageReplace
PUB,.text,0x0008346f,0x0048346f,234,DT_SurfaceReplace,__DT_SurfaceReplace
PUB,.text,0x00083559,0x00483559,347,DT_ImageResize,_DT_ImageResize
PUB,.text,0x000836b4,0x004836b4,393,DT_ImagePreflightTile,_DT_ImagePreflightTile
PUB,.text,0x0008383d,0x0048383d,68,DT_BufferRead,_DT_BufferRead
PUB,.text,0x00083881,0x00483881,187,DT_ImageSetRawPixels,_DT_ImageSetRawPixels
PUB,.text,0x0008393c,0x0048393c,342,DT_ImageSetRawColors,_DT_ImageSetRawColors
PUB,.text,0x00083a92,0x00483a92,32,DT_AlphaInfoDefaults,_DT_AlphaInfoDefaults
PUB,.text,0x00083ab2,0x00483ab2,66,DT_FileInfoDefaults,_DT_FileInfoDefaults
PUB,.text,0x00083af4,0x00483af4,715,IT_Open,_IT_Open
PUB,.text,0x00083dbf,0x00483dbf,41,IT_Idle,_IT_Idle
PUB,.text,0x00083de8,0x00483de8,129,IT_Close,_IT_Close
PUB,.text,0x00083e69,0x00483e69,6,IT_IsOpen,_IT_IsOpen
PUB,.text,0x00083e6f,0x00483e6f,1942,IT_HandleWinEvent,_IT_HandleWinEvent
PUB,.text,0x00084605,0x00484605,246,IT_SetCursor,_IT_SetCursor
PUB,.text,0x000846fb,0x004846fb,159,IT_OpenBrowser,_IT_OpenBrowser
PUB,.text,0x0008479a,0x0048479a,512,IT_ItemListCreate,__IT_ItemListCreate
PUB,.text,0x0008499a,0x0048499a,159,IT_ItemListDispose,__IT_ItemListDispose
PUB,.text,0x00084a39,0x00484a39,43,IT_GetItemIndex,__IT_GetItemIndex
PUB,.text,0x00084a64,0x00484a64,40,IT_GetPreviousItem,__IT_GetPreviousItem
PUB,.text,0x00084a8c,0x00484a8c,170,IT_GetObjectItem,__IT_GetObjectItem
PUB,.text,0x00084b36,0x00484b36,126,IT_ItemListQueryFocus,__IT_ItemListQueryFocus
PUB,.text,0x00084bb4,0x00484bb4,55,IT_ItemListHandleIdle,__IT_ItemListHandleIdle
PUB,.text,0x00084beb,0x00484beb,470,IT_ItemListHandleKey,__IT_ItemListHandleKey
PUB,.text,0x00084dc1,0x00484dc1,125,IT_ItemListHandleEdit,__IT_ItemListHandleEdit
PUB,.text,0x00084e3e,0x00484e3e,182,IT_ItemListHandleClick,__IT_ItemListHandleClick
PUB,.text,0x00084ef4,0x00484ef4,71,IT_ItemListHandleTest,__IT_ItemListHandleTest
PUB,.text,0x00084f3b,0x00484f3b,99,IT_ItemListHandleDraw,__IT_ItemListHandleDraw
PUB,.text,0x00084f9e,0x00484f9e,73,IT_ItemListHandleActivate,__IT_ItemListHandleActivate
PUB,.text,0x00084fe7,0x00484fe7,101,IT_ItemListHandleCursor,__IT_ItemListHandleCursor
PUB,.text,0x0008504c,0x0048504c,481,IT_ItemCreate,__IT_ItemCreate
PUB,.text,0x0008522d,0x0048522d,230,IT_ItemDispose,__IT_ItemDispose
PUB,.text,0x00085313,0x00485313,607,IT_ItemExecute,__IT_ItemExecute
PUB,.text,0x00085572,0x00485572,388,IT_ItemCallback,__IT_ItemCallback
PUB,.text,0x000856f6,0x004856f6,133,IT_GetItemColor,__IT_GetItemColor
PUB,.text,0x0008577b,0x0048577b,105,IT_ParamCreate,__IT_ParamCreate
PUB,.text,0x000857e4,0x004857e4,184,IT_ParamDispose,__IT_ParamDispose
PUB,.text,0x0008589c,0x0048589c,30,IT_ViewGetItemCount,_IT_ViewGetItemCount
PUB,.text,0x000858ba,0x004858ba,178,IT_ViewGetNamedItem,_IT_ViewGetNamedItem
PUB,.text,0x0008596c,0x0048596c,633,IT_ViewModifyParam,_IT_ViewModifyParam
PUB,.text,0x00085be5,0x00485be5,169,IT_ViewParamText,_IT_ViewParamText
PUB,.text,0x00085c8e,0x00485c8e,96,IT_ViewGetItemRect,_IT_ViewGetItemRect
PUB,.text,0x00085cee,0x00485cee,93,IT_ViewGetItemEnabled,_IT_ViewGetItemEnabled
PUB,.text,0x00085d4b,0x00485d4b,399,IT_ViewSetItemRect,_IT_ViewSetItemRect
PUB,.text,0x00085eda,0x00485eda,510,IT_ViewSetItemVisible,_IT_ViewSetItemVisible
PUB,.text,0x000860d8,0x004860d8,510,IT_ViewSetItemEnabled,_IT_ViewSetItemEnabled
PUB,.text,0x000862d6,0x004862d6,107,IT_ItemHandlerInstall,_IT_ItemHandlerInstall
PUB,.text,0x00086341,0x00486341,139,IT_ItemHandlerLookup,_IT_ItemHandlerLookup
PUB,.text,0x000863cc,0x004863cc,47,IT_ItemCallbackIsViewEnabled,_IT_ItemCallbackIsViewEnabled
PUB,.text,0x000863fb,0x004863fb,43,IT_ItemCallbackSoundEvent,_IT_ItemCallbackSoundEvent
PUB,.text,0x00086426,0x00486426,117,IT_ItemCallbackGrabFocus,_IT_ItemCallbackGrabFocus
PUB,.text,0x0008649b,0x0048649b,49,IT_ItemCallbackDrawRect,_IT_ItemCallbackDrawRect
PUB,.text,0x000864cc,0x004864cc,59,IT_ItemCallbackGetParam,_IT_ItemCallbackGetParam
PUB,.text,0x00086507,0x00486507,427,IT_ItemCallbackGetImage,_IT_ItemCallbackGetImage
PUB,.text,0x000866b2,0x004866b2,11,IT_ItemCallbackGetNumber,_IT_ItemCallbackGetNumber
PUB,.text,0x000866bd,0x004866bd,11,IT_ItemCallbackGetColor,_IT_ItemCallbackGetColor
PUB,.text,0x000866c8,0x004866c8,20,IT_ItemCallbackGetRect,_IT_ItemCallbackGetRect
PUB,.text,0x000866dc,0x004866dc,11,IT_ItemCallbackGetFlag,_IT_ItemCallbackGetFlag
PUB,.text,0x000866e7,0x004866e7,93,IT_ItemCallbackGetAlign,_IT_ItemCallbackGetAlign
PUB,.text,0x00086744,0x00486744,67,IT_ItemCallbackGetFont,_IT_ItemCallbackGetFont
PUB,.text,0x00086787,0x00486787,207,IT_ItemCallbackGetNextRun,_IT_ItemCallbackGetNextRun
PUB,.text,0x00086856,0x00486856,192,IT_ItemCallbackGetNextNode,_IT_ItemCallbackGetNextNode
PUB,.text,0x00086916,0x00486916,427,IT_ViewCreate,_IT_ViewCreate
PUB,.text,0x00086ac1,0x00486ac1,426,IT_ViewCreateModal,_IT_ViewCreateModal
PUB,.text,0x00086c6b,0x00486c6b,1329,IT_ViewChange,_IT_ViewChange
PUB,.text,0x0008719c,0x0048719c,103,IT_ViewGoToPage,_IT_ViewGoToPage
PUB,.text,0x00087203,0x00487203,357,IT_ViewDispose,_IT_ViewDispose
PUB,.text,0x00087368,0x00487368,41,IT_ViewExists,_IT_ViewExists
PUB,.text,0x00087391,0x00487391,89,IT_WindowFindView,_IT_WindowFindView
PUB,.text,0x000873ea,0x004873ea,132,IT_ViewHandleIdle,__IT_ViewHandleIdle
PUB,.text,0x0008746e,0x0048746e,148,IT_ViewHandleKey,__IT_ViewHandleKey
PUB,.text,0x00087502,0x00487502,177,IT_ViewHandleEdit,__IT_ViewHandleEdit
PUB,.text,0x000875b3,0x004875b3,148,IT_ViewHandleClick,__IT_ViewHandleClick
PUB,.text,0x00087647,0x00487647,161,IT_ViewHandleHit,__IT_ViewHandleHit
PUB,.text,0x000876e8,0x004876e8,47,IT_ViewHandleTest,__IT_ViewHandleTest
PUB,.text,0x00087717,0x00487717,511,IT_ViewHandleDraw,__IT_ViewHandleDraw
PUB,.text,0x00087916,0x00487916,38,IT_ViewHandleActivate,__IT_ViewHandleActivate
PUB,.text,0x0008793c,0x0048793c,74,IT_ViewHandleCursor,__IT_ViewHandleCursor
PUB,.text,0x00087986,0x00487986,107,IT_ViewGetFocus,__IT_ViewGetFocus
PUB,.text,0x000879f1,0x004879f1,446,IT_ViewSetFocus,__IT_ViewSetFocus
PUB,.text,0x00087baf,0x00487baf,423,IT_ViewMoveFocus,__IT_ViewMoveFocus
PUB,.text,0x00087d56,0x00487d56,98,IT_ViewQueryFocus,__IT_ViewQueryFocus
PUB,.text,0x00087db8,0x00487db8,48,IT_ViewValidateFocus,__IT_ViewValidateFocus
PUB,.text,0x00087de8,0x00487de8,76,IT_ViewInvalidate,__IT_ViewInvalidate
PUB,.text,0x00087e34,0x00487e34,349,IT_ViewValidate,__IT_ViewValidate
PUB,.text,0x00087f91,0x00487f91,98,IT_ViewCheckPage,__IT_ViewCheckPage
PUB,.text,0x00087ff3,0x00487ff3,143,IT_ViewUnload,__IT_ViewUnload
PUB,.text,0x00088082,0x00488082,399,IT_ViewGoToPage,__IT_ViewGoToPage
PUB,.text,0x00088211,0x00488211,121,IT_ViewSetRect,__IT_ViewSetRect
PUB,.text,0x0008828a,0x0048828a,80,IT_ViewSetEnabled,__IT_ViewSetEnabled
PUB,.text,0x000882da,0x004882da,55,IT_ViewGetItemColor,__IT_ViewGetItemColor
PUB,.text,0x00088311,0x00488311,175,IT_ViewCallback,__IT_ViewCallback
PUB,.text,0x000883c0,0x004883c0,257,IT_ViewPreload,__IT_ViewPreload
PUB,.text,0x000884c1,0x004884c1,258,IT_ViewPreloadIdle,__IT_ViewPreloadIdle
PUB,.text,0x000885c3,0x004885c3,309,IT_ViewDissectLink,__IT_ViewDissectLink
PUB,.text,0x000886f8,0x004886f8,84,IT_WndProc@16,__IT_WndProc@16
PUB,.text,0x0008874c,0x0048874c,740,IT_DlgProc@16,__IT_DlgProc@16
PUB,.text,0x00088a30,0x00488a30,1232,ST_CreateSoundPump,__ST_CreateSoundPump
PUB,.text,0x00088f00,0x00488f00,496,ST_DisposeSoundPump,__ST_DisposeSoundPump
PUB,.text,0x000890f0,0x004890f0,144,ST_GetCurrentSampleRate,__ST_GetCurrentSampleRate
PUB,.text,0x00089180,0x00489180,352,ST_GetSystemVolume,__ST_GetSystemVolume
PUB,.text,0x000892e0,0x004892e0,952,ST_SetSystemVolume,__ST_SetSystemVolume
PUB,.text,0x00089698,0x00489698,20,UInt32_To_UFix32,_UInt32_To_UFix32
PUB,.text,0x000896ac,0x004896ac,11,UFix32_To_UInt32,_UFix32_To_UInt32
PUB,.text,0x000896b7,0x004896b7,128,UFix32_Multiply,_UFix32_Multiply
PUB,.text,0x00089737,0x00489737,137,UFix32_Divide,_UFix32_Divide
PUB,.text,0x000897c0,0x004897c0,384,adpcm_coder,_adpcm_coder
PUB,.text,0x00089940,0x00489940,864,ADPCM_Mixer,_ADPCM_Mixer
PUB,.text,0x00089ca0,0x00489ca0,326,ConvertFromIeeeExtended,_ConvertFromIeeeExtended
PUB,.text,0x00089de6,0x00489de6,3569,crc32,_crc32
PUB,.text,0x0008abd7,0x0048abd7,153,deflateEnd,_deflateEnd
PUB,.text,0x0008ac70,0x0048ac70,940,deflate,_deflate
PUB,.text,0x0008b01c,0x0048b01c,282,deflateReset,_deflateReset
PUB,.text,0x0008b136,0x0048b136,509,deflateInit2_,_deflateInit2_
PUB,.text,0x0008b333,0x0048b333,33,deflateInit_,_deflateInit_
PUB,.text,0x0008b354,0x0048b354,73,QueueCreate,_QueueCreate
PUB,.text,0x0008b39d,0x0048b39d,76,QueueDispose,_QueueDispose
PUB,.text,0x0008b3e9,0x0048b3e9,65,QueueInsert,_QueueInsert
PUB,.text,0x0008b42a,0x0048b42a,78,QueueRemove,_QueueRemove
PUB,.text,0x0008b478,0x0048b478,600,QueueExtract,_QueueExtract
PUB,.text,0x0008b6d0,0x0048b6d0,608,SetupArgs,__SetupArgs
PUB,.text,0x0008b930,0x0048b930,64,StrCopy,_StrCopy
PUB,.text,0x0008b970,0x0048b970,400,StrCopyHandle,_StrCopyHandle
PUB,.text,0x0008bb00,0x0048bb00,144,SetupEnv,__SetupEnv
PUB,.text,0x0008bb90,0x0048bb90,80,getenv,_getenv
PUB,.text,0x0008bbe0,0x0048bbe0,336,msl_putenv,___msl_putenv
PUB,.text,0x0008bd30,0x0048bd30,240,get_time,___get_time
PUB,.text,0x0008be20,0x0048be20,80,isdst,___isdst
PUB,.text,0x0008be70,0x0048be70,64,sys_alloc,___sys_alloc
PUB,.text,0x0008beb0,0x0048beb0,23,sys_free,___sys_free
PUB,.text,0x0008bec7,0x0048bec7,140,inflate_blocks_free,_inflate_blocks_free
PUB,.text,0x0008bf53,0x0048bf53,2377,inflate_blocks,_inflate_blocks
PUB,.text,0x0008c89c,0x0048c89c,237,inflate_blocks_new,_inflate_blocks_new
PUB,.text,0x0008c989,0x0048c989,118,inflate_blocks_reset,_inflate_blocks_reset
PUB,.text,0x0008c9ff,0x0048c9ff,281,adler32,_adler32
PUB,.text,0x0008cb18,0x0048cb18,19,zcfree,_zcfree
PUB,.text,0x0008cb2b,0x0048cb2b,21,zcalloc,_zcalloc
PUB,.text,0x0008cb40,0x0048cb40,384,raise,_raise
PUB,.text,0x0008ccc0,0x0048ccc0,576,SEHFrameHandler,___SEHFrameHandler
PUB,.text,0x0008cf00,0x0048cf00,48,MWCHandler,__MWCHandler
PUB,.text,0x0008cf30,0x0048cf30,64,HandleUnexpectedSEHException,__HandleUnexpectedSEHException
PUB,.text,0x0008cf70,0x0048cf70,64,RunInit,__RunInit
PUB,.text,0x0008cfb0,0x0048cfb0,112,detect_cpu_instruction_set,___detect_cpu_instruction_set
PUB,.text,0x0008d020,0x0048d020,16,std::set_terminate,?set_terminate@std@@YAP6AXXZP6AXXZ@Z
PUB,.text,0x0008d030,0x0048d030,16,std::terminate,?terminate@std@@YAXXZ
PUB,.text,0x0008d040,0x0048d040,16,std::set_unexpected,?set_unexpected@std@@YAP6AXXZP6AXXZ@Z
PUB,.text,0x0008d050,0x0048d050,16,std::unexpected,?unexpected@std@@YAXXZ
PUB,.text,0x0008d060,0x0048d060,384,throw_catch_compare,___throw_catch_compare
PUB,.text,0x0008d1e0,0x0048d1e0,32,Setjmp,__Setjmp
PUB,.text,0x0008d200,0x0048d200,31,longjmp,_longjmp
PUB,.text,0x0008d21f,0x0048d21f,644,FT_PathModify,__FT_PathModify
PUB,.text,0x0008d4a3,0x0048d4a3,192,FT_PathInsert,__FT_PathInsert
PUB,.text,0x0008d563,0x0048d563,34,FT_PathLookup,__FT_PathLookup
PUB,.text,0x0008d585,0x0048d585,95,FT_PathDispose,__FT_PathDispose
PUB,.text,0x0008d5e4,0x0048d5e4,343,FT_PathString,__FT_PathString
PUB,.text,0x0008d73b,0x0048d73b,102,FT_PathAppend,__FT_PathAppend
PUB,.text,0x0008d7a1,0x0048d7a1,89,FT_PathShorten,__FT_PathShorten
PUB,.text,0x0008d7fa,0x0048d7fa,77,FT_PathWalk,__FT_PathWalk
PUB,.text,0x0008d847,0x0048d847,356,FT_PathNameInput,__FT_PathNameInput
PUB,.text,0x0008d9ab,0x0048d9ab,170,FT_PathNameOutput,__FT_PathNameOutput
PUB,.text,0x0008da55,0x0048da55,531,FT_FileOpenWrapper,__FT_FileOpenWrapper
PUB,.text,0x0008dc68,0x0048dc68,501,FT_FileIsChunky,__FT_FileIsChunky
PUB,.text,0x0008de5d,0x0048de5d,377,FT_IndirectIsChunky,__FT_IndirectIsChunky
PUB,.text,0x0008dfd6,0x0048dfd6,19,FT_FileUpdateRefCount,__FT_FileUpdateRefCount
PUB,.text,0x0008dfe9,0x0048dfe9,102,FT_FileTypesCreate,__FT_FileTypesCreate
PUB,.text,0x0008e04f,0x0048e04f,283,FT_FileTypesLookup,__FT_FileTypesLookup
PUB,.text,0x0008e16a,0x0048e16a,154,FT_Suffix2Value,__FT_Suffix2Value
PUB,.text,0x0008e204,0x0048e204,21,FT_IsIndirectBusy,__FT_IsIndirectBusy
PUB,.text,0x0008e219,0x0048e219,894,FT_PathGoTo,__FT_PathGoTo
PUB,.text,0x0008e597,0x0048e597,655,FT_PathGoToVolumeName,__FT_PathGoToVolumeName
PUB,.text,0x0008e826,0x0048e826,338,FT_PathGoToVolume,__FT_PathGoToVolume
PUB,.text,0x0008e978,0x0048e978,435,FT_PathGoToParent,__FT_PathGoToParent
PUB,.text,0x0008eb2b,0x0048eb2b,395,FT_PathGoToChild,__FT_PathGoToChild
PUB,.text,0x0008ecb6,0x0048ecb6,211,FT_IsPathAFile,__FT_IsPathAFile
PUB,.text,0x0008ed89,0x0048ed89,196,FT_PathValidate,__FT_PathValidate
PUB,.text,0x0008ee4d,0x0048ee4d,205,FT_PathGoToWinPath,__FT_PathGoToWinPath
PUB,.text,0x0008ef1a,0x0048ef1a,503,FT_FileCreate,__FT_FileCreate
PUB,.text,0x0008f111,0x0048f111,248,FT_FileDelete,__FT_FileDelete
PUB,.text,0x0008f209,0x0048f209,224,FT_FileGetDates,__FT_FileGetDates
PUB,.text,0x0008f2e9,0x0048f2e9,934,FT_FileGetFlags,__FT_FileGetFlags
PUB,.text,0x0008f68f,0x0048f68f,187,FT_IsFileOpen,__FT_IsFileOpen
PUB,.text,0x0008f74a,0x0048f74a,440,FT_FileOpen,__FT_FileOpen
PUB,.text,0x0008f902,0x0048f902,59,FT_FileClose,__FT_FileClose
PUB,.text,0x0008f93d,0x0048f93d,39,FT_FileFlush,__FT_FileFlush
PUB,.text,0x0008f964,0x0048f964,100,FT_FileRead,__FT_FileRead
PUB,.text,0x0008f9c8,0x0048f9c8,238,FT_FileWrite,__FT_FileWrite
PUB,.text,0x0008fab6,0x0048fab6,26,FT_FileGetEOF,__FT_FileGetEOF
PUB,.text,0x0008fad0,0x0048fad0,216,FT_FileSetEOF,__FT_FileSetEOF
PUB,.text,0x0008fba8,0x0048fba8,26,FT_FileGetMark,__FT_FileGetMark
PUB,.text,0x0008fbc2,0x0048fbc2,74,FT_FileSetMark,__FT_FileSetMark
PUB,.text,0x0008fc0c,0x0048fc0c,469,FT_RemapError,__FT_RemapError
PUB,.text,0x0008fde1,0x0048fde1,143,FT_File2UNIXTime,__FT_File2UNIXTime
PUB,.text,0x0008fe70,0x0048fe70,254,FT_FilePathModify,__FT_FilePathModify
PUB,.text,0x0008ff6e,0x0048ff6e,183,FT_FilePathParent,__FT_FilePathParent
PUB,.text,0x00090025,0x00490025,35,FT_ChunkFilePreflight,__FT_ChunkFilePreflight
PUB,.text,0x00090048,0x00490048,34,FT_ChunkFilePostflight,__FT_ChunkFilePostflight
PUB,.text,0x0009006a,0x0049006a,97,FT_IsChunkOpen,__FT_IsChunkOpen
PUB,.text,0x000900cb,0x004900cb,827,FT_ChunkOpenPath,__FT_ChunkOpenPath
PUB,.text,0x00090406,0x00490406,525,FT_ChunkOpen,__FT_ChunkOpen
PUB,.text,0x00090613,0x00490613,63,FT_ChunkClose,__FT_ChunkClose
PUB,.text,0x00090652,0x00490652,695,FT_ChunkLoad,__FT_ChunkLoad
PUB,.text,0x00090909,0x00490909,400,FT_ChunkLookup,__FT_ChunkLookup
PUB,.text,0x00090a99,0x00490a99,363,FT_ChunkFormat,__FT_ChunkFormat
PUB,.text,0x00090c04,0x00490c04,512,FT_ChunkResize,__FT_ChunkResize
PUB,.text,0x00090e04,0x00490e04,2326,FT_ChunkCreate,__FT_ChunkCreate
PUB,.text,0x0009171a,0x0049171a,869,FT_ChunkDelete,__FT_ChunkDelete
PUB,.text,0x00091a7f,0x00491a7f,1107,FT_ChunkGetFlags,__FT_ChunkGetFlags
PUB,.text,0x00091ed2,0x00491ed2,282,FT_ChunkRead,__FT_ChunkRead
PUB,.text,0x00091fec,0x00491fec,317,FT_ChunkWrite,__FT_ChunkWrite
PUB,.text,0x00092129,0x00492129,28,FT_ChunkGetEOF,__FT_ChunkGetEOF
PUB,.text,0x00092145,0x00492145,836,FT_ChunkSetEOF,__FT_ChunkSetEOF
PUB,.text,0x00092489,0x00492489,28,FT_ChunkGetMark,__FT_ChunkGetMark
PUB,.text,0x000924a5,0x004924a5,34,FT_ChunkSetMark,__FT_ChunkSetMark
PUB,.text,0x000924c7,0x004924c7,654,FT_ChunkGetCount,__FT_ChunkGetCount
PUB,.text,0x00092755,0x00492755,143,FT_BufferOpenWrapper,__FT_BufferOpenWrapper
PUB,.text,0x000927e4,0x004927e4,42,FT_IsBufferOpen,__FT_IsBufferOpen
PUB,.text,0x0009280e,0x0049280e,66,FT_BufferOpen,__FT_BufferOpen
PUB,.text,0x00092850,0x00492850,19,FT_BufferClose,__FT_BufferClose
PUB,.text,0x00092863,0x00492863,7,FT_BufferFlush,__FT_BufferFlush
PUB,.text,0x0009286a,0x0049286a,68,FT_BufferRead,__FT_BufferRead
PUB,.text,0x000928ae,0x004928ae,91,FT_BufferWrite,__FT_BufferWrite
PUB,.text,0x00092909,0x00492909,31,FT_BufferGetEOF,__FT_BufferGetEOF
PUB,.text,0x00092928,0x00492928,52,FT_BufferSetEOF,__FT_BufferSetEOF
PUB,.text,0x0009295c,0x0049295c,22,FT_BufferGetMark,__FT_BufferGetMark
PUB,.text,0x00092972,0x00492972,18,FT_BufferSetMark,__FT_BufferSetMark
PUB,.text,0x00092984,0x00492984,132,DT_ContextCreate,_DT_ContextCreate
PUB,.text,0x00092a08,0x00492a08,132,DT_ContextCreateRaw,_DT_ContextCreateRaw
PUB,.text,0x00092a8c,0x00492a8c,19,DT_ContextDispose,_DT_ContextDispose
PUB,.text,0x00092a9f,0x00492a9f,166,DT_ContextCreate,__DT_ContextCreate
PUB,.text,0x00092b45,0x00492b45,186,DT_ContextDispose,__DT_ContextDispose
PUB,.text,0x00092bff,0x00492bff,101,DT_ContextLock,__DT_ContextLock
PUB,.text,0x00092c64,0x00492c64,83,DT_ContextUnlock,__DT_ContextUnlock
PUB,.text,0x00092cb7,0x00492cb7,547,DT_ResetAttributes,_DT_ResetAttributes
PUB,.text,0x00092eda,0x00492eda,320,DT_SetFillAttributes,_DT_SetFillAttributes
PUB,.text,0x0009301a,0x0049301a,72,DT_GetFillColor,_DT_GetFillColor
PUB,.text,0x00093062,0x00493062,72,DT_GetFillBackColor,_DT_GetFillBackColor
PUB,.text,0x000930aa,0x004930aa,35,DT_SetFillBackColor,_DT_SetFillBackColor
PUB,.text,0x000930cd,0x004930cd,434,DT_SetLineAttributes,_DT_SetLineAttributes
PUB,.text,0x0009327f,0x0049327f,232,DT_GetFontByNameList,__DT_GetFontByNameList
PUB,.text,0x00093367,0x00493367,580,DT_SetTextAttributes,_DT_SetTextAttributes
PUB,.text,0x000935ab,0x004935ab,59,DT_SetTextColor,_DT_SetTextColor
PUB,.text,0x000935e6,0x004935e6,69,DT_SetTextSize,_DT_SetTextSize
PUB,.text,0x0009362b,0x0049362b,35,DT_GetTextInfo,_DT_GetTextInfo
PUB,.text,0x0009364e,0x0049364e,266,DT_GetClipRegion,_DT_GetClipRegion
PUB,.text,0x00093758,0x00493758,224,DT_SetClipRegion,_DT_SetClipRegion
PUB,.text,0x00093838,0x00493838,153,DT_SetClipRect,_DT_SetClipRect
PUB,.text,0x000938d1,0x004938d1,102,DT_AddInvalidRect,_DT_AddInvalidRect
PUB,.text,0x00093937,0x00493937,99,DT_AddValidRect,_DT_AddValidRect
PUB,.text,0x0009399a,0x0049399a,85,DT_SetOrigin,_DT_SetOrigin
PUB,.text,0x000939ef,0x004939ef,389,DT_DrawImage,_DT_DrawImage
PUB,.text,0x00093b74,0x00493b74,731,DT_DrawImageTile,_DT_DrawImageTile
PUB,.text,0x00093e4f,0x00493e4f,98,DT_SetPixel,_DT_SetPixel
PUB,.text,0x00093eb1,0x00493eb1,53,DT_SetPenLocation,_DT_SetPenLocation
PUB,.text,0x00093ee6,0x00493ee6,205,DT_DrawLineTo,_DT_DrawLineTo
PUB,.text,0x00093fb3,0x00493fb3,348,DT_FrameRect,_DT_FrameRect
PUB,.text,0x0009410f,0x0049410f,114,DT_PaintRect,_DT_PaintRect
PUB,.text,0x00094181,0x00494181,217,DT_EraseRect,_DT_EraseRect
PUB,.text,0x0009425a,0x0049425a,102,DT_InvertRect,_DT_InvertRect
PUB,.text,0x000942c0,0x004942c0,70,DT_GetTextWidth,_DT_GetTextWidth
PUB,.text,0x00094306,0x00494306,191,DT_DrawTextAt,_DT_DrawTextAt
PUB,.text,0x000943c5,0x004943c5,124,DT_PrinterDispose,__DT_PrinterDispose
PUB,.text,0x00094441,0x00494441,866,DT_CreateWinDIB,_DT_CreateWinDIB
PUB,.text,0x000947a3,0x004947a3,98,DT_DisposeWinDIB,_DT_DisposeWinDIB
PUB,.text,0x00094805,0x00494805,2395,DT_DrawWinDIB,_DT_DrawWinDIB
PUB,.text,0x00095160,0x00495160,384,DT_StuffWinDIB,__DT_StuffWinDIB
PUB,.text,0x000952e0,0x004952e0,186,DT_SynchronizeWinDIB,__DT_SynchronizeWinDIB
PUB,.text,0x0009539a,0x0049539a,67,DT_PaletteToRGBQUAD,__DT_PaletteToRGBQUAD
PUB,.text,0x000953dd,0x004953dd,62,DT_RGBQUADToPalette,__DT_RGBQUADToPalette
PUB,.text,0x0009541b,0x0049541b,243,DT_RGBQUADToInverse,__DT_RGBQUADToInverse
PUB,.text,0x0009550e,0x0049550e,257,DT_GetPixelFormat,__DT_GetPixelFormat
PUB,.text,0x0009560f,0x0049560f,19,DT_GetPixelFormatWinDIB,__DT_GetPixelFormatWinDIB
PUB,.text,0x00095622,0x00495622,177,DT_GetPixelFormatHDC,__DT_GetPixelFormatHDC
PUB,.text,0x000956d3,0x004956d3,14,DT_SurfaceCreateFromWindow,_DT_SurfaceCreateFromWindow
PUB,.text,0x000956e1,0x004956e1,765,DT_SurfaceCreateLikeWindow,_DT_SurfaceCreateLikeWindow
PUB,.text,0x000959de,0x004959de,19,DT_SurfaceDispose,_DT_SurfaceDispose
PUB,.text,0x000959f1,0x004959f1,555,DT_ImageCreate,_DT_ImageCreate
PUB,.text,0x00095c1c,0x00495c1c,19,DT_ImageDispose,_DT_ImageDispose
PUB,.text,0x00095c2f,0x00495c2f,50,DT_ImageDispose,__DT_ImageDispose
PUB,.text,0x00095c61,0x00495c61,23,DT_SurfaceBlitRects,_DT_SurfaceBlitRects
PUB,.text,0x00095c78,0x00495c78,353,DT_SurfaceCopyRects,_DT_SurfaceCopyRects
PUB,.text,0x00095dd9,0x00495dd9,697,DT_SurfaceCheck,_DT_SurfaceCheck
PUB,.text,0x00096092,0x00496092,247,DT_ImageLock,__DT_ImageLock
PUB,.text,0x00096189,0x00496189,1266,DT_ImageUnlock,__DT_ImageUnlock
PUB,.text,0x0009667b,0x0049667b,151,BMP_CheckFileType,_BMP_CheckFileType
PUB,.text,0x00096712,0x00496712,3578,BMP_Decode,_BMP_Decode
PUB,.text,0x0009750c,0x0049750c,87,GIF_CheckFileType,_GIF_CheckFileType
PUB,.text,0x00097563,0x00497563,3572,GIF_Decode,_GIF_Decode
PUB,.text,0x00098357,0x00498357,58,JPEG_CheckFileType,_JPEG_CheckFileType
PUB,.text,0x00098391,0x00498391,805,JPEG_Decode,_JPEG_Decode
PUB,.text,0x000986b6,0x004986b6,33,PNG_CheckFileType,_PNG_CheckFileType
PUB,.text,0x000986d7,0x004986d7,8711,PNG_Decode,_PNG_Decode
PUB,.text,0x0009a8de,0x0049a8de,247,PICT_CheckFileType,_PICT_CheckFileType
PUB,.text,0x0009a9d5,0x0049a9d5,2376,PICT_Decode,_PICT_Decode
PUB,.text,0x0009b31d,0x0049b31d,64,DT_GetColorARGB,_DT_GetColorARGB
PUB,.text,0x0009b35d,0x0049b35d,40,DT_SetRect,_DT_SetRect
PUB,.text,0x0009b385,0x0049b385,43,DT_IsPointInRect,_DT_IsPointInRect
PUB,.text,0x0009b3b0,0x0049b3b0,44,DT_IsRectReallyEmpty,_DT_IsRectReallyEmpty
PUB,.text,0x0009b3dc,0x0049b3dc,30,DT_IsRectEmpty,_DT_IsRectEmpty
PUB,.text,0x0009b3fa,0x0049b3fa,51,DT_IsRectEqual,_DT_IsRectEqual
PUB,.text,0x0009b42d,0x0049b42d,34,DT_RectOffset,_DT_RectOffset
PUB,.text,0x0009b44f,0x0049b44f,34,DT_RectInset,_DT_RectInset
PUB,.text,0x0009b471,0x0049b471,114,DT_RectCenter,_DT_RectCenter
PUB,.text,0x0009b4e3,0x0049b4e3,80,DT_RectIntersect,_DT_RectIntersect
PUB,.text,0x0009b533,0x0049b533,171,DT_ColorLighten,_DT_ColorLighten
PUB,.text,0x0009b5de,0x0049b5de,135,DT_ColorDarken,_DT_ColorDarken
PUB,.text,0x0009b665,0x0049b665,44,DT_RegionCreate,_DT_RegionCreate
PUB,.text,0x0009b691,0x0049b691,61,DT_RegionClone,_DT_RegionClone
PUB,.text,0x0009b6ce,0x0049b6ce,15,DT_RegionDispose,_DT_RegionDispose
PUB,.text,0x0009b6dd,0x0049b6dd,24,DT_GetRegionRect,_DT_GetRegionRect
PUB,.text,0x0009b6f5,0x0049b6f5,72,DT_SetRegionRect,_DT_SetRegionRect
PUB,.text,0x0009b73d,0x0049b73d,432,DT_RegionScale,_DT_RegionScale
PUB,.text,0x0009b8ed,0x0049b8ed,38,DT_IsRegionEmpty,_DT_IsRegionEmpty
PUB,.text,0x0009b913,0x0049b913,33,Sys2DT_Point,_Sys2DT_Point
PUB,.text,0x0009b934,0x0049b934,36,DT_2SysColor,_DT_2SysColor
PUB,.text,0x0009b958,0x0049b958,27,CopySys2DT_Point,_CopySys2DT_Point
PUB,.text,0x0009b973,0x0049b973,27,CopyDT_2SysPoint,_CopyDT_2SysPoint
PUB,.text,0x0009b98e,0x0049b98e,41,CopySys2DT_Rect,_CopySys2DT_Rect
PUB,.text,0x0009b9b7,0x0049b9b7,260,CopyDT_2SysRect,_CopyDT_2SysRect
PUB,.text,0x0009babb,0x0049babb,50,CopySys2DT_Color,_CopySys2DT_Color
PUB,.text,0x0009baed,0x0049baed,1965,CopyDT_2SysColor,_CopyDT_2SysColor
PUB,.text,0x0009c29a,0x0049c29a,2723,IT_ButtonHandler,_IT_ButtonHandler
PUB,.text,0x0009cd3d,0x0049cd3d,4825,IT_BorderHandler,_IT_BorderHandler
PUB,.text,0x0009e016,0x0049e016,1623,IT_FrameHandler,_IT_FrameHandler
PUB,.text,0x0009e66d,0x0049e66d,2409,IT_PopupHandler,_IT_PopupHandler
PUB,.text,0x0009efd6,0x0049efd6,8696,IT_TextHandler,_IT_TextHandler
PUB,.text,0x000a11ce,0x004a11ce,244,HashDataDecode,__HashDataDecode
PUB,.text,0x000a12c2,0x004a12c2,211,HashCreate,_HashCreate
PUB,.text,0x000a1395,0x004a1395,111,HashInitialize,_HashInitialize
PUB,.text,0x000a1404,0x004a1404,1141,HashLoad,_HashLoad
PUB,.text,0x000a1879,0x004a1879,94,HashDispose,_HashDispose
PUB,.text,0x000a18d7,0x004a18d7,43,HashIsValidRef,_HashIsValidRef
PUB,.text,0x000a1902,0x004a1902,81,HashAppend,_HashAppend
PUB,.text,0x000a1953,0x004a1953,53,HashAppendData,_HashAppendData
PUB,.text,0x000a1988,0x004a1988,517,HashInsertAppend,__HashInsertAppend
PUB,.text,0x000a1b8d,0x004a1b8d,169,HashRemove,_HashRemove
PUB,.text,0x000a1c36,0x004a1c36,604,HashLookup,_HashLookup
PUB,.text,0x000a1e92,0x004a1e92,201,InputReadMouseState,_InputReadMouseState
PUB,.text,0x000a1f5b,0x004a1f5b,314,WinEventToMouseEvent,_WinEventToMouseEvent
PUB,.text,0x000a2095,0x004a2095,373,WinEventToKeyEvent,_WinEventToKeyEvent
PUB,.text,0x000a220a,0x004a220a,27,PT_ParseTreeCreate,_PT_ParseTreeCreate
PUB,.text,0x000a2225,0x004a2225,287,PT_ParseTreeInsert,_PT_ParseTreeInsert
PUB,.text,0x000a2344,0x004a2344,96,PT_ParseTreeInsertNode,_PT_ParseTreeInsertNode
PUB,.text,0x000a23a4,0x004a23a4,60,PT_ParseTreeGetParent,_PT_ParseTreeGetParent
PUB,.text,0x000a23e0,0x004a23e0,52,PT_ParseTreeGetNext,_PT_ParseTreeGetNext
PUB,.text,0x000a2414,0x004a2414,130,PT_ParseTreeRemove,_PT_ParseTreeRemove
PUB,.text,0x000a2496,0x004a2496,1304,PT_ParseTreeLoad,_PT_ParseTreeLoad
PUB,.text,0x000a29ae,0x004a29ae,3346,PT_ParseTreeDispose,_PT_ParseTreeDispose
PUB,.text,0x000a36c0,0x004a36c0,429,PT_ParseEncode,_PT_ParseEncode
PUB,.text,0x000a386d,0x004a386d,1083,PT_ParseDecode,_PT_ParseDecode
PUB,.text,0x000a3ca8,0x004a3ca8,181,IT_ParseTreeFindNextTag,__IT_ParseTreeFindNextTag
PUB,.text,0x000a3d5d,0x004a3d5d,169,IT_ParseTreeFindParentTag,__IT_ParseTreeFindParentTag
PUB,.text,0x000a3e06,0x004a3e06,72,IT_ParseTreeFindLastNode,__IT_ParseTreeFindLastNode
PUB,.text,0x000a3e4e,0x004a3e4e,62,IT_ParseTreeFindThisData,__IT_ParseTreeFindThisData
PUB,.text,0x000a3e8c,0x004a3e8c,45,IT_ParseTreeFindNextData,__IT_ParseTreeFindNextData
PUB,.text,0x000a3eb9,0x004a3eb9,173,IT_ParseTreeFindAttribute,__IT_ParseTreeFindAttribute
PUB,.text,0x000a3f66,0x004a3f66,46,IT_SimpleFindAttribute,__IT_SimpleFindAttribute
PUB,.text,0x000a3f94,0x004a3f94,75,IT_ParseAttributeGetNumber,__IT_ParseAttributeGetNumber
PUB,.text,0x000a3fdf,0x004a3fdf,98,IT_ParseAttributeGetAlign,__IT_ParseAttributeGetAlign
PUB,.text,0x000a4041,0x004a4041,860,IT_ParseAttributeGetColor,__IT_ParseAttributeGetColor
PUB,.text,0x000a439d,0x004a439d,308,IT_ParseAttributeGetRect,__IT_ParseAttributeGetRect
PUB,.text,0x000a44d1,0x004a44d1,97,IT_ParseAttributeGetFlag,__IT_ParseAttributeGetFlag
PUB,.text,0x000a4532,0x004a4532,482,IT_ParseTreeGetFontAttributes,__IT_ParseTreeGetFontAttributes
PUB,.text,0x000a4714,0x004a4714,302,IT_PageListCreate,__IT_PageListCreate
PUB,.text,0x000a4842,0x004a4842,44,IT_PageListDispose,__IT_PageListDispose
PUB,.text,0x000a486e,0x004a486e,66,IT_GetPageByName,__IT_GetPageByName
PUB,.text,0x000a48b0,0x004a48b0,1103,IT_GetPageByIndex,__IT_GetPageByIndex
PUB,.text,0x000a4cff,0x004a4cff,759,tr_flush_block,__tr_flush_block
PUB,.text,0x000a4ff6,0x004a4ff6,787,tr_align,__tr_align
PUB,.text,0x000a5309,0x004a5309,3879,tr_stored_block,__tr_stored_block
PUB,.text,0x000a6230,0x004a6230,105,tr_init,__tr_init
PUB,.text,0x000a6299,0x004a6299,29,zlib_memset,___zlib_memset
PUB,.text,0x000a62b6,0x004a62b6,34,zlib_memcpy,___zlib_memcpy
PUB,.text,0x000a62d8,0x004a62d8,25,zlib_free,___zlib_free
PUB,.text,0x000a62f1,0x004a62f1,34,zlib_calloc,___zlib_calloc
PUB,.text,0x000a6313,0x004a6313,19,inflate_codes_free,_inflate_codes_free
PUB,.text,0x000a6326,0x004a6326,1805,inflate_codes,_inflate_codes
PUB,.text,0x000a6a33,0x004a6a33,56,inflate_codes_new,_inflate_codes_new
PUB,.text,0x000a6a6b,0x004a6a6b,256,inflate_flush,_inflate_flush
PUB,.text,0x000a6b6b,0x004a6b6b,50,inflate_trees_fixed,_inflate_trees_fixed
PUB,.text,0x000a6b9d,0x004a6b9d,314,inflate_trees_dynamic,_inflate_trees_dynamic
PUB,.text,0x000a6cd7,0x004a6cd7,1275,inflate_trees_bits,_inflate_trees_bits
PUB,.text,0x000a71d2,0x004a71d2,6,RtlUnwind@16,_RtlUnwind@16
PUB,.text,0x000a71d8,0x004a71d8,163,jpeg_finish_decompress,_jpeg_finish_decompress
PUB,.text,0x000a727b,0x004a727b,154,jpeg_consume_input,_jpeg_consume_input
PUB,.text,0x000a7315,0x004a7315,524,jpeg_read_header,_jpeg_read_header
PUB,.text,0x000a7521,0x004a7521,11,jpeg_destroy_decompress,_jpeg_destroy_decompress
PUB,.text,0x000a752c,0x004a752c,218,jpeg_CreateDecompress,_jpeg_CreateDecompress
PUB,.text,0x000a7606,0x004a7606,208,jinit_marker_reader,_jinit_marker_reader
PUB,.text,0x000a76d6,0x004a76d6,6251,jpeg_resync_to_restart,_jpeg_resync_to_restart
PUB,.text,0x000a8f41,0x004a8f41,321,jpeg_read_scanlines,_jpeg_read_scanlines
PUB,.text,0x000a9082,0x004a9082,195,jpeg_start_decompress,_jpeg_start_decompress
PUB,.text,0x000a9145,0x004a9145,26,png_set_error_fn,_png_set_error_fn
PUB,.text,0x000a915f,0x004a915f,96,png_chunk_warning,_png_chunk_warning
PUB,.text,0x000a91bf,0x004a91bf,212,png_chunk_error,_png_chunk_error
PUB,.text,0x000a9293,0x004a9293,61,png_warning,_png_warning
PUB,.text,0x000a92d0,0x004a92d0,146,png_error,_png_error
PUB,.text,0x000a9362,0x004a9362,31,png_init_mmx_flags,_png_init_mmx_flags
PUB,.text,0x000a9381,0x004a9381,85,png_handle_as_unknown,_png_handle_as_unknown
PUB,.text,0x000a93d6,0x004a93d6,87,png_info_destroy,_png_info_destroy
PUB,.text,0x000a942d,0x004a942d,910,png_free_data,_png_free_data
PUB,.text,0x000a97bb,0x004a97bb,61,png_create_info_struct,_png_create_info_struct
PUB,.text,0x000a97f8,0x004a97f8,85,png_calculate_crc,_png_calculate_crc
PUB,.text,0x000a984d,0x004a984d,27,png_reset_crc,_png_reset_crc
PUB,.text,0x000a9868,0x004a9868,16,png_zfree,_png_zfree
PUB,.text,0x000a9878,0x004a9878,84,png_zalloc,_png_zalloc
PUB,.text,0x000a98cc,0x004a98cc,103,png_sig_cmp,_png_sig_cmp
PUB,.text,0x000a9933,0x004a9933,576,png_read_destroy,_png_read_destroy
PUB,.text,0x000a9b73,0x004a9b73,230,png_destroy_read_struct,_png_destroy_read_struct
PUB,.text,0x000a9c59,0x004a9c59,1031,png_read_end,_png_read_end
PUB,.text,0x000aa060,0x004aa060,86,png_read_image,_png_read_image
PUB,.text,0x000aa0b6,0x004aa0b6,1127,png_read_row,_png_read_row
PUB,.text,0x000aa51d,0x004aa51d,48,png_read_update_info,_png_read_update_info
PUB,.text,0x000aa54d,0x004aa54d,1227,png_read_info,_png_read_info
PUB,.text,0x000aaa18,0x004aaa18,391,png_create_read_struct_2,_png_create_read_struct_2
PUB,.text,0x000aab9f,0x004aab9f,31,png_create_read_struct,_png_create_read_struct
PUB,.text,0x000aabbe,0x004aabbe,66,png_set_read_fn,_png_set_read_fn
PUB,.text,0x000aac00,0x004aac00,43,png_read_data,_png_read_data
PUB,.text,0x000aac2b,0x004aac2b,106,png_get_tRNS,_png_get_tRNS
PUB,.text,0x000aac95,0x004aac95,58,png_get_PLTE,_png_get_PLTE
PUB,.text,0x000aaccf,0x004aaccf,240,png_get_IHDR,_png_get_IHDR
PUB,.text,0x000aadbf,0x004aadbf,45,png_get_hIST,_png_get_hIST
PUB,.text,0x000aadec,0x004aadec,48,png_get_sRGB,_png_get_sRGB
PUB,.text,0x000aae1c,0x004aae1c,43,png_get_gAMA,_png_get_gAMA
PUB,.text,0x000aae47,0x004aae47,45,png_get_bKGD,_png_get_bKGD
PUB,.text,0x000aae74,0x004aae74,41,png_get_y_offset_pixels,_png_get_y_offset_pixels
PUB,.text,0x000aae9d,0x004aae9d,41,png_get_x_offset_pixels,_png_get_x_offset_pixels
PUB,.text,0x000aaec6,0x004aaec6,41,png_get_y_offset_microns,_png_get_y_offset_microns
PUB,.text,0x000aaeef,0x004aaeef,41,png_get_x_offset_microns,_png_get_x_offset_microns
PUB,.text,0x000aaf18,0x004aaf18,26,png_get_valid,_png_get_valid
PUB,.text,0x000aaf32,0x004aaf32,293,png_set_unknown_chunks,_png_set_unknown_chunks
PUB,.text,0x000ab057,0x004ab057,265,png_set_sPLT,_png_set_sPLT
PUB,.text,0x000ab160,0x004ab160,144,png_set_tRNS,_png_set_tRNS
PUB,.text,0x000ab1f0,0x004ab1f0,56,png_set_tIME,_png_set_tIME
PUB,.text,0x000ab228,0x004ab228,482,png_set_text,_png_set_text
PUB,.text,0x000ab40a,0x004ab40a,163,png_set_iCCP,_png_set_iCCP
PUB,.text,0x000ab4ad,0x004ab4ad,506,png_set_sRGB_gAMA_and_cHRM,_png_set_sRGB_gAMA_and_cHRM
PUB,.text,0x000ab6a7,0x004ab6a7,31,png_set_sRGB,_png_set_sRGB
PUB,.text,0x000ab6c6,0x004ab6c6,42,png_set_sBIT,_png_set_sBIT
PUB,.text,0x000ab6f0,0x004ab6f0,133,png_set_PLTE,_png_set_PLTE
PUB,.text,0x000ab775,0x004ab775,45,png_set_pHYs,_png_set_pHYs
PUB,.text,0x000ab7a2,0x004ab7a2,77,png_set_sCAL,_png_set_sCAL
PUB,.text,0x000ab7ef,0x004ab7ef,290,png_set_pCAL,_png_set_pCAL
PUB,.text,0x000ab911,0x004ab911,45,png_set_oFFs,_png_set_oFFs
PUB,.text,0x000ab93e,0x004ab93e,523,png_set_IHDR,_png_set_IHDR
PUB,.text,0x000abb49,0x004abb49,131,png_set_hIST,_png_set_hIST
PUB,.text,0x000abbcc,0x004abbcc,79,png_set_gAMA_fixed,_png_set_gAMA_fixed
PUB,.text,0x000abc1b,0x004abc1b,136,png_set_gAMA,_png_set_gAMA
PUB,.text,0x000abca3,0x004abca3,327,png_set_cHRM_fixed,_png_set_cHRM_fixed
PUB,.text,0x000abdea,0x004abdea,625,png_set_cHRM,_png_set_cHRM
PUB,.text,0x000ac05b,0x004ac05b,42,png_set_bKGD,_png_set_bKGD
PUB,.text,0x000ac085,0x004ac085,270,png_do_read_intrapixel,_png_do_read_intrapixel
PUB,.text,0x000ac193,0x004ac193,2049,png_build_gamma_table,_png_build_gamma_table
PUB,.text,0x000ac994,0x004ac994,284,png_do_dither,_png_do_dither
PUB,.text,0x000acab0,0x004acab0,1037,png_do_expand,_png_do_expand
PUB,.text,0x000acebd,0x004acebd,593,png_do_expand_palette,_png_do_expand_palette
PUB,.text,0x000ad10e,0x004ad10e,1140,png_do_gamma,_png_do_gamma
PUB,.text,0x000ad582,0x004ad582,4862,png_do_background,_png_do_background
PUB,.text,0x000ae880,0x004ae880,1978,png_do_rgb_to_gray,_png_do_rgb_to_gray
PUB,.text,0x000af03a,0x004af03a,362,png_do_gray_to_rgb,_png_do_gray_to_rgb
PUB,.text,0x000af1a4,0x004af1a4,724,png_do_read_filler,_png_do_read_filler
PUB,.text,0x000af478,0x004af478,181,png_do_read_invert_alpha,_png_do_read_invert_alpha
PUB,.text,0x000af52d,0x004af52d,259,png_do_read_swap_alpha,_png_do_read_swap_alpha
PUB,.text,0x000af630,0x004af630,409,png_do_unshift,_png_do_unshift
PUB,.text,0x000af7c9,0x004af7c9,268,png_do_unpack,_png_do_unpack
PUB,.text,0x000af8d5,0x004af8d5,1158,png_do_read_transformations,_png_do_read_transformations
PUB,.text,0x000afd5b,0x004afd5b,411,png_read_transform_info,_png_read_transform_info
PUB,.text,0x000afef6,0x004afef6,3611,png_init_read_transformations,_png_init_read_transformations
PUB,.text,0x000b0d11,0x004b0d11,12,png_set_gray_to_rgb,_png_set_gray_to_rgb
PUB,.text,0x000b0d1d,0x004b0d1d,93,png_set_gamma,_png_set_gamma
PUB,.text,0x000b0d7a,0x004b0d7a,2472,png_set_dither,_png_set_dither
PUB,.text,0x000b1722,0x004b1722,12,png_set_strip_16,_png_set_strip_16
PUB,.text,0x000b172e,0x004b172e,189,png_do_bgr,_png_do_bgr
PUB,.text,0x000b17eb,0x004b17eb,441,png_do_strip_filler,_png_do_strip_filler
PUB,.text,0x000b19a4,0x004b19a4,81,png_do_packswap,_png_do_packswap
PUB,.text,0x000b19f5,0x004b19f5,48,png_do_swap,_png_do_swap
PUB,.text,0x000b1a25,0x004b1a25,123,png_do_invert,_png_do_invert
PUB,.text,0x000b1aa0,0x004b1aa0,88,png_set_filler,_png_set_filler
PUB,.text,0x000b1af8,0x004b1af8,27,png_set_interlace_handling,_png_set_interlace_handling
PUB,.text,0x000b1b13,0x004b1b13,25,png_set_packing,_png_set_packing
PUB,.text,0x000b1b2c,0x004b1b2c,9,png_set_bgr,_png_set_bgr
PUB,.text,0x000b1b35,0x004b1b35,35,png_set_mem_fn,_png_set_mem_fn
PUB,.text,0x000b1b58,0x004b1b58,46,png_memset_check,_png_memset_check
PUB,.text,0x000b1b86,0x004b1b86,46,png_memcpy_check,_png_memcpy_check
PUB,.text,0x000b1bb4,0x004b1bb4,54,png_free,_png_free
PUB,.text,0x000b1bea,0x004b1bea,92,png_malloc,_png_malloc
PUB,.text,0x000b1c46,0x004b1c46,75,png_destroy_struct_2,_png_destroy_struct_2
PUB,.text,0x000b1c91,0x004b1c91,16,png_destroy_struct,_png_destroy_struct
PUB,.text,0x000b1ca1,0x004b1ca1,139,png_create_struct_2,_png_create_struct_2
PUB,.text,0x000b1d2c,0x004b1d2c,1154,inflate_fast,_inflate_fast
PUB,.text,0x000b21ae,0x004b21ae,31,jpeg_alloc_huff_table,_jpeg_alloc_huff_table
PUB,.text,0x000b21cd,0x004b21cd,31,jpeg_alloc_quant_table,_jpeg_alloc_quant_table
PUB,.text,0x000b21ec,0x004b21ec,31,jpeg_destroy,_jpeg_destroy
PUB,.text,0x000b220b,0x004b220b,67,jpeg_abort,_jpeg_abort
PUB,.text,0x000b224e,0x004b224e,29,libjpeg_memset,___libjpeg_memset
PUB,.text,0x000b226b,0x004b226b,34,libjpeg_memcpy,___libjpeg_memcpy
PUB,.text,0x000b228d,0x004b228d,25,libjpeg_free,___libjpeg_free
PUB,.text,0x000b22a6,0x004b22a6,29,libjpeg_malloc,___libjpeg_malloc
PUB,.text,0x000b22c3,0x004b22c3,2802,jinit_memory_mgr,_jinit_memory_mgr
PUB,.text,0x000b2db5,0x004b2db5,1427,jinit_input_controller,_jinit_input_controller
PUB,.text,0x000b3348,0x004b3348,19,jzero_far,_jzero_far
PUB,.text,0x000b335b,0x004b335b,25,jcopy_block_row,_jcopy_block_row
PUB,.text,0x000b3374,0x004b3374,73,jcopy_sample_rows,_jcopy_sample_rows
PUB,.text,0x000b33bd,0x004b33bd,27,jround_up,_jround_up
PUB,.text,0x000b33d8,0x004b33d8,15,jdiv_round_up,_jdiv_round_up
PUB,.text,0x000b33e7,0x004b33e7,1087,jinit_master_decompress,_jinit_master_decompress
PUB,.text,0x000b3826,0x004b3826,623,jpeg_calc_output_dimensions,_jpeg_calc_output_dimensions
PUB,.text,0x000b3a95,0x004b3a95,11,libpng_abs,___libpng_abs
PUB,.text,0x000b3aa0,0x004b3aa0,389,libpng_strtod,___libpng_strtod
PUB,.text,0x000b3c25,0x004b3c25,29,libpng_memset,___libpng_memset
PUB,.text,0x000b3c42,0x004b3c42,47,libpng_memcmp,___libpng_memcmp
PUB,.text,0x000b3c71,0x004b3c71,30,libpng_strcpy,___libpng_strcpy
PUB,.text,0x000b3c8f,0x004b3c8f,18,libpng_strlen,___libpng_strlen
PUB,.text,0x000b3ca1,0x004b3ca1,34,libpng_memcpy,___libpng_memcpy
PUB,.text,0x000b3cc3,0x004b3cc3,25,libpng_free,___libpng_free
PUB,.text,0x000b3cdc,0x004b3cdc,29,libpng_malloc,___libpng_malloc
PUB,.text,0x000b3cf9,0x004b3cf9,642,png_read_start_row,_png_read_start_row
PUB,.text,0x000b3f7b,0x004b3f7b,684,png_read_finish_row,_png_read_finish_row
PUB,.text,0x000b4227,0x004b4227,469,png_read_filter_row,_png_read_filter_row
PUB,.text,0x000b43fc,0x004b43fc,1117,png_do_read_interlace,_png_do_read_interlace
PUB,.text,0x000b4859,0x004b4859,773,png_combine_row,_png_combine_row
PUB,.text,0x000b4b5e,0x004b4b5e,112,png_check_chunk_name,_png_check_chunk_name
PUB,.text,0x000b4bce,0x004b4bce,322,png_handle_unknown,_png_handle_unknown
PUB,.text,0x000b4d10,0x004b4d10,291,png_handle_zTXt,_png_handle_zTXt
PUB,.text,0x000b4e33,0x004b4e33,205,png_handle_tEXt,_png_handle_tEXt
PUB,.text,0x000b4f00,0x004b4f00,234,png_handle_tIME,_png_handle_tIME
PUB,.text,0x000b4fea,0x004b4fea,389,png_handle_sCAL,_png_handle_sCAL
PUB,.text,0x000b516f,0x004b516f,576,png_handle_pCAL,_png_handle_pCAL
PUB,.text,0x000b53af,0x004b53af,261,png_handle_oFFs,_png_handle_oFFs
PUB,.text,0x000b54b4,0x004b54b4,261,png_handle_pHYs,_png_handle_pHYs
PUB,.text,0x000b55b9,0x004b55b9,266,png_handle_hIST,_png_handle_hIST
PUB,.text,0x000b56c3,0x004b56c3,532,png_handle_bKGD,_png_handle_bKGD
PUB,.text,0x000b58d7,0x004b58d7,537,png_handle_tRNS,_png_handle_tRNS
PUB,.text,0x000b5af0,0x004b5af0,525,png_handle_sPLT,_png_handle_sPLT
PUB,.text,0x000b5cfd,0x004b5cfd,433,png_handle_iCCP,_png_handle_iCCP
PUB,.text,0x000b5eae,0x004b5eae,493,png_handle_sRGB,_png_handle_sRGB
PUB,.text,0x000b609b,0x004b609b,1561,png_handle_cHRM,_png_handle_cHRM
PUB,.text,0x000b66b4,0x004b66b4,346,png_handle_sBIT,_png_handle_sBIT
PUB,.text,0x000b680e,0x004b680e,346,png_handle_gAMA,_png_handle_gAMA
PUB,.text,0x000b6968,0x004b6968,71,png_handle_IEND,_png_handle_IEND
PUB,.text,0x000b69af,0x004b69af,401,png_handle_PLTE,_png_handle_PLTE
PUB,.text,0x000b6b40,0x004b6b40,420,png_handle_IHDR,_png_handle_IHDR
PUB,.text,0x000b6ce4,0x004b6ce4,604,png_decompress_chunk,_png_decompress_chunk
PUB,.text,0x000b6f40,0x004b6f40,304,png_crc_finish,_png_crc_finish
PUB,.text,0x000b7070,0x004b7070,41,png_crc_read,_png_crc_read
PUB,.text,0x000b7099,0x004b7099,37,png_get_uint_32,_png_get_uint_32
PUB,.text,0x000b70be,0x004b70be,1,jpeg_mem_term,_jpeg_mem_term
PUB,.text,0x000b70bf,0x004b70bf,3,jpeg_mem_init,_jpeg_mem_init
PUB,.text,0x000b70c2,0x004b70c2,22,jpeg_open_backing_store,_jpeg_open_backing_store
PUB,.text,0x000b70d8,0x004b70d8,5,jpeg_mem_available,_jpeg_mem_available
PUB,.text,0x000b70dd,0x004b70dd,11,jpeg_free_large,_jpeg_free_large
PUB,.text,0x000b70e8,0x004b70e8,11,jpeg_get_large,_jpeg_get_large
PUB,.text,0x000b70f3,0x004b70f3,11,jpeg_free_small,_jpeg_free_small
PUB,.text,0x000b70fe,0x004b70fe,11,jpeg_get_small,_jpeg_get_small
PUB,.text,0x000b7109,0x004b7109,2786,jinit_1pass_quantizer,_jinit_1pass_quantizer
PUB,.text,0x000b7beb,0x004b7beb,4637,jinit_2pass_quantizer,_jinit_2pass_quantizer
PUB,.text,0x000b8e08,0x004b8e08,1510,jinit_merged_upsampler,_jinit_merged_upsampler
PUB,.text,0x000b93ee,0x004b93ee,1554,jinit_color_deconverter,_jinit_color_deconverter
PUB,.text,0x000b9a00,0x004b9a00,1599,jinit_upsampler,_jinit_upsampler
PUB,.text,0x000ba03f,0x004ba03f,715,jinit_d_post_controller,_jinit_d_post_controller
PUB,.text,0x000ba30a,0x004ba30a,627,jinit_inverse_dct,_jinit_inverse_dct
PUB,.text,0x000ba57d,0x004ba57d,3475,jinit_phuff_decoder,_jinit_phuff_decoder
PUB,.text,0x000bb310,0x004bb310,1343,jinit_huff_decoder,_jinit_huff_decoder
PUB,.text,0x000bb84f,0x004bb84f,205,jpeg_huff_decode,_jpeg_huff_decode
PUB,.text,0x000bb91c,0x004bb91c,301,jpeg_fill_bit_buffer,_jpeg_fill_bit_buffer
PUB,.text,0x000bba49,0x004bba49,894,jpeg_make_d_derived_tbl,_jpeg_make_d_derived_tbl
PUB,.text,0x000bbdc7,0x004bbdc7,3483,jinit_d_coef_controller,_jinit_d_coef_controller
PUB,.text,0x000bcb62,0x004bcb62,1561,jinit_d_main_controller,_jinit_d_main_controller
PUB,.text,0x000bd17b,0x004bd17b,80,jpeg_idct_1x1,_jpeg_idct_1x1
PUB,.text,0x000bd1cb,0x004bd1cb,483,jpeg_idct_2x2,_jpeg_idct_2x2
PUB,.text,0x000bd3ae,0x004bd3ae,871,jpeg_idct_4x4,_jpeg_idct_4x4
PUB,.text,0x000bd715,0x004bd715,1646,jpeg_idct_islow,_jpeg_idct_islow
PUB,.text,0x000bdd83,0x004bdd83,1188,jpeg_idct_ifast,_jpeg_idct_ifast
PUB,.text,0x000be227,0x004be227,1327,jpeg_idct_float,_jpeg_idct_float
